region_id,semantic_type,Branch tests,Return expressions,Function calls,Scalar / other,Array expressions,Loop headers
1,condition / branch,True,False,False,False,False,False
2,condition / branch,True,False,True,False,False,False
3,condition / branch,True,False,False,False,False,False
4,condition / branch,True,False,False,False,False,False
5,condition / branch,True,False,False,False,False,False
6,condition / branch,True,False,True,False,False,False
7,condition / branch,True,False,True,False,False,False
8,condition / branch,True,False,False,False,False,False
9,condition / branch,True,False,True,False,False,False
10,condition / branch,True,False,True,False,False,False
11,condition / branch,True,False,False,False,False,False
12,base case / return,False,True,True,False,False,False
13,base case / return,True,False,True,False,False,False
14,base case / return,True,False,False,False,False,False
15,base case / return,False,True,True,False,False,False
16,base case / return,True,False,False,False,False,False
17,base case / return,True,False,False,False,False,False
18,base case / return,True,False,False,False,False,False
19,base case / return,False,True,True,False,False,False
20,base case / return,True,False,False,False,False,False
21,base case / return,False,True,False,False,False,False
22,base case / return,False,True,False,False,False,False
23,base case / return,True,False,False,False,False,False
24,recursion / function call,False,False,True,False,False,False
25,recursion / function call,False,False,True,False,False,False
26,recursion / function call,False,False,True,False,False,False
27,recursion / function call,False,True,True,False,False,False
28,variable update,False,False,False,True,False,False
29,variable update,False,False,False,True,False,False
30,variable update,False,False,False,True,False,False
31,variable update,False,False,False,True,False,False
32,variable update,False,False,True,False,False,False
33,variable update,False,False,True,False,False,False
34,variable update,False,False,True,False,False,False
35,variable update,False,False,False,True,False,False
36,variable update,False,False,False,True,False,False
37,variable update,False,False,False,True,False,False
38,variable update,False,False,False,True,False,False
39,variable update,False,False,False,True,False,False
40,variable update,False,False,False,True,False,False
41,variable update,False,False,True,False,False,False
42,variable update,False,False,True,False,False,False
43,variable update,False,False,False,True,False,False
44,variable update,False,False,False,True,False,False
45,variable update,False,False,False,True,False,False
46,variable update,False,False,False,True,False,False
47,variable update,False,False,True,False,False,False
48,variable update,False,False,True,False,False,False
49,variable update,False,False,False,True,False,False
50,variable update,False,False,False,True,False,False
51,variable update,False,False,False,True,False,False
52,array/index access,False,False,False,False,True,False
53,array/index access,True,False,False,False,True,False
54,array/index access,True,False,False,False,True,False
55,array/index access,False,False,False,False,True,False
56,array/index access,True,False,False,False,True,False
57,array/index access,False,False,False,False,True,False
58,array/index access,False,False,False,False,True,False
59,array/index access,False,False,False,False,True,False
60,array/index access,False,False,False,False,True,False
61,array/index access,False,False,False,False,True,False
62,array/index access,False,False,False,False,True,False
63,array/index access,False,False,False,False,True,False
64,array/index access,True,False,False,False,True,False
65,array/index access,True,False,False,False,True,False
66,array/index access,False,False,False,False,True,False
67,loop condition / boundary,False,False,False,False,False,True
68,loop condition / boundary,False,False,True,False,False,True
69,loop condition / boundary,False,False,False,False,False,True
70,loop condition / boundary,False,False,False,False,False,True
71,loop condition / boundary,False,False,False,False,False,True
72,loop condition / boundary,False,False,False,False,False,True
73,loop condition / boundary,False,False,True,False,False,True
74,loop condition / boundary,False,False,False,False,False,True
75,loop condition / boundary,False,False,True,False,False,True
76,loop condition / boundary,False,False,False,False,False,True
77,loop condition / boundary,False,False,False,False,False,True
78,loop condition / boundary,False,False,False,False,False,True
79,loop condition / boundary,False,False,False,False,False,True
80,loop condition / boundary,False,False,False,False,False,True
81,loop condition / boundary,False,False,False,False,False,True
