region_id,program_id,semantic_type,n_common_tokens,min_eeg_participants_per_token,min_tokens_required,rho_gaze_qwen,rho_gaze_glm,rho_theta_qwen,rho_theta_glm,estimable,all_four_nonpositive,nonpositive_panel_count,three_or_more_nonpositive,included,exclusion_reason,alternative_section,allowed_categories,was_in_previous75,previous_category,added_region,category_changed
R001,P03,condition / branch,7,5,5,0.39285714285714296,0.8571428571428573,-0.10714285714285716,-0.7142857142857144,True,False,2.0,False,False,not_selected_under_75_percent_constraints,,Control flow,False,,False,False
R002,P04,condition / branch,8,10,5,0.11904761904761905,0.04761904761904763,-0.023809523809523815,0.4285714285714286,True,False,1.0,False,True,,Control flow,Control flow,True,Branch tests,False,False
R003,P07,condition / branch,21,1,5,0.15584415584415584,0.11298701298701298,-0.17142857142857143,-0.22987012987012984,True,False,2.0,False,False,not_selected_under_75_percent_constraints,,Control flow,False,,False,False
R004,P08,condition / branch,11,3,5,-0.06363636363636364,0.14545454545454548,0.4909090909090909,0.30000000000000004,True,False,1.0,False,True,,Control flow,Control flow | Calls / returns,True,Function calls,False,True
R005,P08,condition / branch,3,2,5,,,,,False,False,,False,False,insufficient_or_undefined,,Control flow,False,,False,False
R006,P10,condition / branch,7,5,5,-0.642857142857143,-0.5,0.0,0.3571428571428572,True,False,3.0,True,False,nonpositive_in_at_least_three_panels,,Control flow,False,,False,False
R007,P10,condition / branch,7,3,5,0.4642857142857144,0.25,0.7142857142857144,-0.4642857142857144,True,False,1.0,False,True,,Control flow,Control flow,True,Branch tests,False,False
R008,P10,condition / branch,6,2,5,-0.5428571428571429,-0.6571428571428573,-0.3142857142857143,-0.08571428571428573,True,True,4.0,True,False,nonpositive_in_at_least_three_panels,,Control flow,False,,False,False
R009,P10,condition / branch,7,1,5,0.28571428571428575,0.07142857142857144,-0.6071428571428572,-0.3214285714285715,True,False,2.0,False,False,not_selected_under_75_percent_constraints,,Control flow,False,,False,False
R010,P10,condition / branch,7,2,5,0.5714285714285715,0.3571428571428572,0.21428571428571433,0.3571428571428572,True,False,0.0,False,True,,Control flow,Control flow,True,Branch tests,False,False
R011,P11,condition / branch,8,1,5,-0.5476190476190477,-0.30952380952380953,0.30952380952380953,-0.04761904761904763,True,False,3.0,True,False,nonpositive_in_at_least_three_panels,,Control flow,False,,False,False
R012,P11,condition / branch,7,5,5,0.6071428571428572,0.642857142857143,0.5714285714285715,0.5714285714285715,True,False,0.0,False,True,,Control flow,Control flow,True,Branch tests,False,False
R013,P13,condition / branch,3,1,5,,,,,False,False,,False,False,insufficient_or_undefined,,Control flow,False,,False,False
R014,P14,condition / branch,12,1,5,0.10489510489510491,0.09090909090909093,-0.027972027972027972,-0.3216783216783217,True,False,2.0,False,False,not_selected_under_75_percent_constraints,,Control flow,False,,False,False
R015,P14,condition / branch,3,1,5,,,,,False,False,,False,False,insufficient_or_undefined,,Control flow,False,,False,False
R016,P15,condition / branch,8,2,5,0.04761904761904763,-0.2380952380952381,0.04761904761904763,-0.7619047619047621,True,False,2.0,False,True,,Calls / returns,Control flow | Calls / returns,True,Function calls,False,False
R017,P15,condition / branch,11,1,5,0.045454545454545456,0.24545454545454545,0.20909090909090913,0.21818181818181823,True,False,0.0,False,True,,Calls / returns,Control flow | Calls / returns,True,Function calls,False,False
R018,P17,condition / branch,22,1,5,0.1902879728966686,0.17786561264822137,0.06719367588932806,-0.17786561264822137,True,False,1.0,False,True,,Control flow,Control flow,True,Branch tests,False,False
R019,P17,condition / branch,3,1,5,,,,,False,False,,False,False,insufficient_or_undefined,,Control flow,False,,False,False
R020,P17,condition / branch,5,5,5,0.0,0.3,-0.39999999999999997,0.09999999999999999,True,False,2.0,False,False,not_selected_under_75_percent_constraints,,Control flow,False,,False,False
R021,P18,condition / branch,9,5,5,-0.41666666666666663,0.08333333333333334,-0.15,0.21666666666666667,True,False,2.0,False,False,not_selected_under_75_percent_constraints,,Control flow,False,,False,False
R022,P18,condition / branch,1,7,5,,,,,False,False,,False,False,insufficient_or_undefined,,Control flow,False,,False,False
R023,P19,condition / branch,16,1,5,-0.12941176470588234,0.36470588235294116,-0.38235294117647056,-0.0029411764705882353,True,False,3.0,True,False,nonpositive_in_at_least_three_panels,,Control flow | Calls / returns,False,,False,False
R024,P20,condition / branch,6,5,5,0.2571428571428572,0.028571428571428574,-0.2571428571428572,-0.028571428571428574,True,False,2.0,False,False,not_selected_under_75_percent_constraints,,Control flow,False,,False,False
R025,P20,condition / branch,2,5,5,,,,,False,False,,False,False,insufficient_or_undefined,,Control flow,False,,False,False
R026,P24,condition / branch,8,1,5,0.8333333333333335,0.8095238095238096,-0.4761904761904762,-0.14285714285714288,True,False,2.0,False,False,not_selected_under_75_percent_constraints,,Control flow,False,,False,False
R027,P25,condition / branch,6,1,5,0.8857142857142858,0.3714285714285715,-0.5428571428571429,0.08571428571428573,True,False,1.0,False,True,,Calls / returns,Control flow | Calls / returns,True,Function calls,False,False
R028,P25,condition / branch,7,2,5,0.42857142857142866,-0.28571428571428575,-0.25,0.0,True,False,3.0,True,False,nonpositive_in_at_least_three_panels,,Control flow,False,,False,False
R029,P27,condition / branch,6,6,5,0.8857142857142858,0.2,0.3714285714285715,-0.3714285714285715,True,False,1.0,False,True,,Calls / returns,Control flow | Calls / returns,True,Function calls,False,False
R030,P29,condition / branch,3,1,5,,,,,False,False,,False,False,insufficient_or_undefined,,Control flow,False,,False,False
R031,P32,condition / branch,14,1,5,0.02417582417582418,0.14725274725274726,-0.5868131868131868,0.1032967032967033,True,False,1.0,False,True,,Control flow,Control flow,True,Branch tests,False,False
R032,P01,base case / return,7,7,5,-0.39285714285714296,-0.3571428571428572,-0.03571428571428572,-0.10714285714285716,True,True,4.0,True,False,nonpositive_in_at_least_three_panels,,Control flow,False,,False,False
R033,P01,base case / return,4,17,5,,,,,False,False,,False,False,insufficient_or_undefined,,Calls / returns,False,,False,False
R034,P01,base case / return,9,3,5,0.26666666666666666,-0.016666666666666666,0.4666666666666666,-0.3,True,False,2.0,False,False,not_selected_under_75_percent_constraints,,Control flow,False,,False,False
R035,P03,base case / return,4,6,5,,,,,False,False,,False,False,insufficient_or_undefined,,Calls / returns,False,,False,False
R036,P03,base case / return,3,9,5,,,,,False,False,,False,False,insufficient_or_undefined,,Calls / returns,False,,False,False
R037,P05,base case / return,7,6,5,0.28571428571428575,0.8214285714285715,-0.5,-0.28571428571428575,True,False,2.0,False,False,not_selected_under_75_percent_constraints,,Control flow,False,,False,False
R038,P05,base case / return,3,13,5,,,,,False,False,,False,False,insufficient_or_undefined,,Calls / returns,False,,False,False
R039,P05,base case / return,13,3,5,0.17032967032967034,0.19230769230769232,-0.6483516483516483,-0.2802197802197803,True,False,2.0,False,False,not_selected_under_75_percent_constraints,,Control flow | Calls / returns,False,,False,False
R040,P05,base case / return,10,2,5,0.006060606060606061,0.0303030303030303,0.5030303030303029,0.3696969696969697,True,False,0.0,False,True,,Calls / returns,Calls / returns,True,Return expressions,False,False
R041,P06,base case / return,3,4,5,,,,,False,False,,False,False,insufficient_or_undefined,,Calls / returns,False,,False,False
R042,P06,base case / return,2,3,5,,,,,False,False,,False,False,insufficient_or_undefined,,Calls / returns,False,,False,False
R043,P07,base case / return,3,1,5,,,,,False,False,,False,False,insufficient_or_undefined,,Calls / returns,False,,False,False
R044,P08,base case / return,10,2,5,0.2121212121212121,-0.07878787878787878,-0.0303030303030303,0.04242424242424241,True,False,2.0,False,False,not_selected_under_75_percent_constraints,,Control flow | Calls / returns,False,,False,False
R045,P08,base case / return,9,1,5,-0.41666666666666663,-0.13333333333333333,0.18333333333333335,0.39999999999999997,True,False,2.0,False,True,,Calls / returns,Control flow | Calls / returns,True,Function calls,False,False
R046,P08,base case / return,3,1,5,,,,,False,False,,False,False,insufficient_or_undefined,,Calls / returns,False,,False,False
R047,P09,base case / return,13,1,5,-0.6428571428571429,0.20329670329670327,0.0879120879120879,-0.4010989010989011,True,False,2.0,False,True,,Control flow,Control flow,False,,True,False
R048,P10,base case / return,9,1,5,-0.38333333333333336,0.5666666666666667,0.2333333333333333,0.049999999999999996,True,False,1.0,False,True,,Calls / returns,Calls / returns,True,Return expressions,False,False
R049,P11,base case / return,2,1,5,,,,,False,False,,False,False,insufficient_or_undefined,,Calls / returns,False,,False,False
R050,P12,base case / return,11,1,5,-0.02727272727272728,0.21818181818181823,0.20909090909090913,-0.17272727272727276,True,False,2.0,False,True,,Control flow,Control flow,False,,True,False
R051,P12,base case / return,3,4,5,,,,,False,False,,False,False,insufficient_or_undefined,,Calls / returns,False,,False,False
R052,P12,base case / return,8,2,5,0.30952380952380953,0.3571428571428572,0.1666666666666667,0.6904761904761906,True,False,0.0,False,True,,Control flow,Control flow,True,Branch tests,False,False
R053,P12,base case / return,7,1,5,0.03571428571428572,0.1785714285714286,-0.6785714285714287,-0.28571428571428575,True,False,2.0,False,False,not_selected_under_75_percent_constraints,,Calls / returns,False,,False,False
R054,P12,base case / return,7,1,5,0.8214285714285715,0.0,0.07142857142857144,0.10714285714285716,True,False,1.0,False,True,,Control flow,Control flow,True,Branch tests,False,False
R055,P12,base case / return,8,1,5,0.3571428571428572,-0.3333333333333334,-0.3571428571428572,-0.11904761904761905,True,False,3.0,True,False,nonpositive_in_at_least_three_panels,,Calls / returns,False,,False,False
R056,P12,base case / return,13,1,5,0.4450549450549451,0.4340659340659341,0.1868131868131868,0.24175824175824176,True,False,0.0,False,True,,Calls / returns,Calls / returns,True,Return expressions,False,False
R057,P13,base case / return,3,1,5,,,,,False,False,,False,False,insufficient_or_undefined,,Calls / returns,False,,False,False
R058,P15,base case / return,4,5,5,,,,,False,False,,False,False,insufficient_or_undefined,,Calls / returns,False,,False,False
R059,P15,base case / return,3,2,5,,,,,False,False,,False,False,insufficient_or_undefined,,Calls / returns,False,,False,False
R060,P16,base case / return,9,2,5,0.03333333333333333,0.18333333333333335,0.13333333333333333,-0.25,True,False,1.0,False,True,,Control flow,Control flow,False,,True,False
R061,P16,base case / return,2,4,5,,,,,False,False,,False,False,insufficient_or_undefined,,Calls / returns,False,,False,False
R062,P19,base case / return,2,3,5,,,,,False,False,,False,False,insufficient_or_undefined,,Calls / returns,False,,False,False
R063,P20,base case / return,3,4,5,,,,,False,False,,False,False,insufficient_or_undefined,,Calls / returns,False,,False,False
R064,P20,base case / return,4,1,5,,,,,False,False,,False,False,insufficient_or_undefined,,Calls / returns,False,,False,False
R065,P23,base case / return,8,1,5,-0.30952380952380953,-0.5952380952380953,0.30952380952380953,0.3333333333333334,True,False,2.0,False,True,,Calls / returns,Calls / returns,False,,True,False
R066,P23,base case / return,8,1,5,0.38095238095238104,0.28571428571428575,-0.11904761904761905,0.07142857142857144,True,False,1.0,False,True,,Calls / returns,Calls / returns,True,Return expressions,False,False
R067,P23,base case / return,3,4,5,,,,,False,False,,False,False,insufficient_or_undefined,,Calls / returns,False,,False,False
R068,P24,base case / return,7,2,5,0.39285714285714296,0.10714285714285716,-0.10714285714285716,-0.42857142857142866,True,False,2.0,False,False,not_selected_under_75_percent_constraints,,Control flow,False,,False,False
R069,P24,base case / return,3,5,5,,,,,False,False,,False,False,insufficient_or_undefined,,Calls / returns,False,,False,False
R070,P24,base case / return,3,3,5,,,,,False,False,,False,False,insufficient_or_undefined,,Calls / returns,False,,False,False
R071,P25,base case / return,3,1,5,,,,,False,False,,False,False,insufficient_or_undefined,,Calls / returns,False,,False,False
R072,P25,base case / return,3,1,5,,,,,False,False,,False,False,insufficient_or_undefined,,Calls / returns,False,,False,False
R073,P27,base case / return,2,8,5,,,,,False,False,,False,False,insufficient_or_undefined,,Calls / returns,False,,False,False
R074,P29,base case / return,7,3,5,0.3214285714285715,0.5,-0.7142857142857144,0.39285714285714296,True,False,1.0,False,True,,Control flow,Control flow,False,,True,False
R075,P29,base case / return,7,1,5,0.03571428571428572,0.6785714285714287,-0.42857142857142866,-0.7142857142857144,True,False,2.0,False,False,not_selected_under_75_percent_constraints,,Control flow,False,,False,False
R076,P29,base case / return,3,1,5,,,,,False,False,,False,False,insufficient_or_undefined,,Calls / returns,False,,False,False
R077,P01,recursion / function call,9,3,5,0.06666666666666667,0.8499999999999999,-0.6,-0.2333333333333333,True,False,2.0,False,False,not_selected_under_75_percent_constraints,,Calls / returns,False,,False,False
R078,P01,recursion / function call,13,5,5,-0.13736263736263735,-0.010989010989010988,-0.6978021978021978,-0.6813186813186813,True,True,4.0,True,False,nonpositive_in_at_least_three_panels,,Calls / returns,False,,False,False
R079,P03,recursion / function call,13,1,5,0.16483516483516483,0.6703296703296703,-0.049450549450549455,-0.18131868131868134,True,False,2.0,False,False,not_selected_under_75_percent_constraints,,Calls / returns,False,,False,False
R080,P03,recursion / function call,7,1,5,-0.21428571428571433,0.21428571428571433,-0.1785714285714286,-0.14285714285714288,True,False,3.0,True,False,nonpositive_in_at_least_three_panels,,Calls / returns,False,,False,False
R081,P05,recursion / function call,12,1,5,0.23076923076923078,-0.4055944055944056,0.3216783216783217,-0.41958041958041964,True,False,2.0,False,False,not_selected_under_75_percent_constraints,,Calls / returns,False,,False,False
R082,P09,recursion / function call,4,2,5,,,,,False,False,,False,False,insufficient_or_undefined,,Calls / returns,False,,False,False
R083,P13,recursion / function call,4,18,5,,,,,False,False,,False,False,insufficient_or_undefined,,Calls / returns,False,,False,False
R084,P15,recursion / function call,11,2,5,-0.30000000000000004,0.10000000000000002,-0.6636363636363638,0.21818181818181823,True,False,2.0,False,False,not_selected_under_75_percent_constraints,,Calls / returns,False,,False,False
R085,P15,recursion / function call,6,2,5,0.14285714285714288,0.2,0.3142857142857143,0.8857142857142858,True,False,0.0,False,True,,Calls / returns,Calls / returns,True,Function calls,False,False
R086,P15,recursion / function call,6,1,5,-0.48571428571428577,-0.14285714285714288,0.48571428571428577,-0.7714285714285715,True,False,3.0,True,False,nonpositive_in_at_least_three_panels,,Calls / returns,False,,False,False
R087,P15,recursion / function call,7,1,5,0.5714285714285715,0.4642857142857144,0.21428571428571433,0.6071428571428572,True,False,0.0,False,True,,Calls / returns,Calls / returns,True,Function calls,False,False
R088,P20,recursion / function call,4,17,5,,,,,False,False,,False,False,insufficient_or_undefined,,Calls / returns,False,,False,False
R089,P20,recursion / function call,14,1,5,0.3010989010989011,0.5076923076923077,-0.178021978021978,0.14285714285714285,True,False,1.0,False,True,,Calls / returns,Calls / returns,True,Function calls,False,False
R090,P20,recursion / function call,4,3,5,,,,,False,False,,False,False,insufficient_or_undefined,,Calls / returns,False,,False,False
R091,P23,recursion / function call,13,1,5,-0.07142857142857142,0.20329670329670327,-0.19230769230769232,0.016483516483516484,True,False,2.0,False,False,not_selected_under_75_percent_constraints,,Calls / returns,False,,False,False
R092,P24,recursion / function call,7,4,5,0.3214285714285715,0.07142857142857144,0.21428571428571433,-0.07142857142857144,True,False,1.0,False,True,,Calls / returns,Calls / returns,True,Return expressions,False,False
R093,P25,recursion / function call,4,9,5,,,,,False,False,,False,False,insufficient_or_undefined,,Calls / returns,False,,False,False
R094,P25,recursion / function call,4,1,5,,,,,False,False,,False,False,insufficient_or_undefined,,Calls / returns,False,,False,False
R095,P27,recursion / function call,3,4,5,,,,,False,False,,False,False,insufficient_or_undefined,,Calls / returns,False,,False,False
R096,P27,recursion / function call,3,3,5,,,,,False,False,,False,False,insufficient_or_undefined,,Calls / returns,False,,False,False
R097,P28,recursion / function call,3,1,5,,,,,False,False,,False,False,insufficient_or_undefined,,Calls / returns,False,,False,False
R098,P29,recursion / function call,6,2,5,0.5428571428571429,-0.14285714285714288,-0.3714285714285715,0.942857142857143,True,False,2.0,False,False,not_selected_under_75_percent_constraints,,Calls / returns,False,,False,False
R099,P32,recursion / function call,11,1,5,-0.5,0.30000000000000004,-0.21818181818181823,-0.6727272727272727,True,False,3.0,True,False,nonpositive_in_at_least_three_panels,,Calls / returns,False,,False,False
R100,P02,variable update,5,2,5,-0.6,-0.6,0.9999999999999999,0.7,True,False,2.0,False,False,not_selected_under_75_percent_constraints,,Scalar / other,False,,False,False
R101,P02,variable update,5,9,5,0.7,0.19999999999999998,0.39999999999999997,0.09999999999999999,True,False,0.0,False,True,,Scalar / other,Scalar / other,True,Scalar / other,False,False
R102,P02,variable update,6,1,5,-0.2571428571428572,0.3714285714285715,0.08571428571428573,-0.4285714285714286,True,False,2.0,False,False,not_selected_under_75_percent_constraints,,Scalar / other,False,,False,False
R103,P02,variable update,9,1,5,0.6833333333333333,0.11666666666666665,0.11666666666666665,-0.31666666666666665,True,False,1.0,False,True,,Scalar / other,Scalar / other,True,Scalar / other,False,False
R104,P03,variable update,10,1,5,0.7696969696969697,0.9272727272727272,0.22424242424242422,0.32121212121212117,True,False,0.0,False,True,,Scalar / other,Scalar / other,True,Scalar / other,False,False
R105,P04,variable update,5,13,5,-0.09999999999999999,0.3,-0.6,-0.19999999999999998,True,False,3.0,True,False,nonpositive_in_at_least_three_panels,,Scalar / other,False,,False,False
R106,P04,variable update,6,15,5,0.2571428571428572,0.6,0.2571428571428572,0.2,True,False,0.0,False,True,,Scalar / other,Scalar / other,True,Scalar / other,False,False
R107,P04,variable update,7,2,5,-0.03571428571428572,0.25,0.1785714285714286,-0.14285714285714288,True,False,2.0,False,False,not_selected_under_75_percent_constraints,,Scalar / other,False,,False,False
R108,P04,variable update,6,1,5,0.08571428571428573,-0.3714285714285715,0.5428571428571429,-0.08571428571428573,True,False,2.0,False,False,not_selected_under_75_percent_constraints,,Scalar / other,False,,False,False
R109,P06,variable update,6,14,5,0.7714285714285715,-0.08571428571428573,0.2571428571428572,-0.7714285714285715,True,False,2.0,False,True,,Calls / returns,Calls / returns,False,,True,False
R110,P06,variable update,7,7,5,0.7142857142857144,0.42857142857142866,0.0,0.5,True,False,1.0,False,True,,Calls / returns,Calls / returns,True,Function calls,False,False
R111,P06,variable update,8,1,5,-0.04761904761904763,0.2380952380952381,-0.04761904761904763,0.261904761904762,True,False,2.0,False,True,,Calls / returns,Calls / returns,False,,True,False
R112,P07,variable update,5,6,5,-0.09999999999999999,0.09999999999999999,-0.09999999999999999,-0.39999999999999997,True,False,3.0,True,False,nonpositive_in_at_least_three_panels,,Scalar / other,False,,False,False
R113,P07,variable update,8,1,5,-0.1666666666666667,0.0,-0.28571428571428575,-0.261904761904762,True,True,4.0,True,False,nonpositive_in_at_least_three_panels,,Calls / returns,False,,False,False
R114,P08,variable update,6,6,5,0.48571428571428577,-0.7714285714285715,0.48571428571428577,-0.48571428571428577,True,False,2.0,False,False,not_selected_under_75_percent_constraints,,Scalar / other,False,,False,False
R115,P08,variable update,1,7,5,,,,,False,False,,False,False,insufficient_or_undefined,,Scalar / other,False,,False,False
R116,P10,variable update,5,3,5,-0.3,0.7,0.6,0.6,True,False,1.0,False,True,,Scalar / other,Scalar / other,True,Scalar / other,False,False
R117,P10,variable update,4,8,5,,,,,False,False,,False,False,insufficient_or_undefined,,Scalar / other,False,,False,False
R118,P10,variable update,4,2,5,,,,,False,False,,False,False,insufficient_or_undefined,,Scalar / other,False,,False,False
R119,P10,variable update,4,1,5,,,,,False,False,,False,False,insufficient_or_undefined,,Scalar / other,False,,False,False
R120,P10,variable update,4,3,5,,,,,False,False,,False,False,insufficient_or_undefined,,Scalar / other,False,,False,False
R121,P10,variable update,4,4,5,,,,,False,False,,False,False,insufficient_or_undefined,,Scalar / other,False,,False,False
R122,P10,variable update,3,2,5,,,,,False,False,,False,False,insufficient_or_undefined,,Scalar / other,False,,False,False
R123,P10,variable update,4,3,5,,,,,False,False,,False,False,insufficient_or_undefined,,Scalar / other,False,,False,False
R124,P10,variable update,4,1,5,,,,,False,False,,False,False,insufficient_or_undefined,,Scalar / other,False,,False,False
R125,P10,variable update,3,1,5,,,,,False,False,,False,False,insufficient_or_undefined,,Scalar / other,False,,False,False
R126,P10,variable update,4,1,5,,,,,False,False,,False,False,insufficient_or_undefined,,Scalar / other,False,,False,False
R127,P10,variable update,4,1,5,,,,,False,False,,False,False,insufficient_or_undefined,,Scalar / other,False,,False,False
R128,P10,variable update,4,1,5,,,,,False,False,,False,False,insufficient_or_undefined,,Scalar / other,False,,False,False
R129,P11,variable update,6,7,5,-0.6,0.028571428571428574,0.5428571428571429,0.4285714285714286,True,False,1.0,False,True,,Scalar / other,Scalar / other,True,Scalar / other,False,False
R130,P11,variable update,5,3,5,-0.3,-0.49999999999999994,0.3,0.39999999999999997,True,False,2.0,False,False,not_selected_under_75_percent_constraints,,Scalar / other,False,,False,False
R131,P11,variable update,6,1,5,-0.3142857142857143,-0.7714285714285715,-0.028571428571428574,-0.08571428571428573,True,True,4.0,True,False,nonpositive_in_at_least_three_panels,,Scalar / other,False,,False,False
R132,P11,variable update,5,6,5,-0.7,-0.7999999999999999,-0.09999999999999999,0.09999999999999999,True,False,3.0,True,False,nonpositive_in_at_least_three_panels,,Scalar / other,False,,False,False
R133,P11,variable update,6,6,5,0.028571428571428574,-0.08571428571428573,0.6,0.2571428571428572,True,False,1.0,False,True,,Scalar / other,Scalar / other,True,Scalar / other,False,False
R134,P11,variable update,4,5,5,,,,,False,False,,False,False,insufficient_or_undefined,,Scalar / other,False,,False,False
R135,P11,variable update,4,2,5,,,,,False,False,,False,False,insufficient_or_undefined,,Scalar / other,False,,False,False
R136,P13,variable update,6,8,5,0.2,0.48571428571428577,0.3142857142857143,-0.14285714285714288,True,False,1.0,False,True,,Scalar / other,Scalar / other,True,Scalar / other,False,False
R137,P13,variable update,6,7,5,-0.14285714285714288,0.4285714285714286,-0.2,0.08571428571428573,True,False,2.0,False,True,,Scalar / other,Scalar / other,True,Scalar / other,False,False
R138,P13,variable update,7,3,5,-0.3571428571428572,-0.42857142857142866,0.7500000000000002,0.8214285714285715,True,False,2.0,False,False,not_selected_under_75_percent_constraints,,Scalar / other,False,,False,False
R139,P13,variable update,4,6,5,,,,,False,False,,False,False,insufficient_or_undefined,,Scalar / other,False,,False,False
R140,P15,variable update,6,3,5,0.8285714285714287,-0.6,-0.48571428571428577,0.2571428571428572,True,False,2.0,False,False,not_selected_under_75_percent_constraints,,Calls / returns,False,,False,False
R141,P15,variable update,7,5,5,-0.5,-0.25,0.28571428571428575,-0.21428571428571433,True,False,3.0,True,False,nonpositive_in_at_least_three_panels,,Calls / returns,False,,False,False
R142,P15,variable update,5,12,5,-0.7,-0.7999999999999999,0.0,0.6,True,False,3.0,True,False,nonpositive_in_at_least_three_panels,,Scalar / other,False,,False,False
R143,P15,variable update,2,3,5,,,,,False,False,,False,False,insufficient_or_undefined,,Scalar / other,False,,False,False
R144,P17,variable update,5,12,5,-0.3,-0.3,0.7,0.19999999999999998,True,False,2.0,False,False,not_selected_under_75_percent_constraints,,Scalar / other,False,,False,False
R145,P17,variable update,7,14,5,0.5,-0.7500000000000002,-0.07142857142857144,-0.642857142857143,True,False,3.0,True,False,nonpositive_in_at_least_three_panels,,Scalar / other,False,,False,False
R146,P17,variable update,7,6,5,-0.5714285714285715,0.0,0.6785714285714287,-0.39285714285714296,True,False,3.0,True,False,nonpositive_in_at_least_three_panels,,Calls / returns,False,,False,False
R147,P17,variable update,6,1,5,0.6,-0.14285714285714288,0.6571428571428573,0.8285714285714287,True,False,1.0,False,True,,Scalar / other,Scalar / other,True,Scalar / other,False,False
R148,P17,variable update,2,11,5,,,,,False,False,,False,False,insufficient_or_undefined,,Scalar / other,False,,False,False
R149,P20,variable update,8,4,5,-0.07142857142857144,-0.28571428571428575,-0.1666666666666667,0.14285714285714288,True,False,3.0,True,False,nonpositive_in_at_least_three_panels,,Scalar / other,False,,False,False
R150,P20,variable update,9,9,5,0.7999999999999999,0.6,0.21666666666666667,-0.3,True,False,1.0,False,True,,Calls / returns,Calls / returns,True,Function calls,False,False
R151,P20,variable update,9,1,5,0.38333333333333336,0.06666666666666667,0.33333333333333337,0.6833333333333333,True,False,0.0,False,True,,Calls / returns,Calls / returns,True,Function calls,False,False
R152,P21,variable update,5,4,5,0.6,-0.6,-0.09999999999999999,0.09999999999999999,True,False,2.0,False,True,,Scalar / other,Scalar / other,True,Scalar / other,False,False
R153,P21,variable update,5,1,5,0.19999999999999998,-0.3,-0.39999999999999997,0.39999999999999997,True,False,2.0,False,True,,Scalar / other,Scalar / other,True,Scalar / other,False,False
R154,P22,variable update,4,18,5,,,,,False,False,,False,False,insufficient_or_undefined,,Scalar / other,False,,False,False
R155,P23,variable update,7,2,5,0.1785714285714286,0.1785714285714286,0.03571428571428572,-0.28571428571428575,True,False,1.0,False,True,,Scalar / other,Scalar / other,True,Scalar / other,False,False
R156,P23,variable update,7,1,5,0.5714285714285715,0.42857142857142866,0.14285714285714288,-0.14285714285714288,True,False,1.0,False,True,,Scalar / other,Scalar / other,True,Scalar / other,False,False
R157,P23,variable update,5,1,5,0.0,0.39999999999999997,0.39999999999999997,-0.09999999999999999,True,False,2.0,False,False,not_selected_under_75_percent_constraints,,Scalar / other,False,,False,False
R158,P23,variable update,6,1,5,-0.14285714285714288,-0.14285714285714288,-0.7142857142857143,0.8285714285714287,True,False,3.0,True,False,nonpositive_in_at_least_three_panels,,Scalar / other,False,,False,False
R159,P25,variable update,6,1,5,-0.6,-0.6571428571428573,0.48571428571428577,-0.028571428571428574,True,False,3.0,True,False,nonpositive_in_at_least_three_panels,,Calls / returns,False,,False,False
R160,P25,variable update,8,2,5,-0.6666666666666669,-0.4761904761904762,-0.7619047619047621,-0.4047619047619048,True,True,4.0,True,False,nonpositive_in_at_least_three_panels,,Calls / returns,False,,False,False
R161,P25,variable update,5,6,5,0.6,0.09999999999999999,0.0,0.19999999999999998,True,False,1.0,False,True,,Calls / returns,Calls / returns,True,Function calls,False,False
R162,P25,variable update,3,2,5,,,,,False,False,,False,False,insufficient_or_undefined,,Scalar / other,False,,False,False
R163,P27,variable update,5,6,5,0.49999999999999994,0.19999999999999998,0.39999999999999997,-0.39999999999999997,True,False,1.0,False,True,,Calls / returns,Calls / returns,True,Function calls,False,False
R164,P28,variable update,8,1,5,-0.09523809523809526,-0.3333333333333334,-0.1666666666666667,-0.8095238095238096,True,True,4.0,True,False,nonpositive_in_at_least_three_panels,,Scalar / other,False,,False,False
R165,P29,variable update,5,2,5,0.7,0.8999999999999998,-0.09999999999999999,-0.19999999999999998,True,False,2.0,False,False,not_selected_under_75_percent_constraints,,Scalar / other,False,,False,False
R166,P29,variable update,5,8,5,-0.3,0.09999999999999999,0.09999999999999999,-0.3,True,False,2.0,False,False,not_selected_under_75_percent_constraints,,Scalar / other,False,,False,False
R167,P29,variable update,5,2,5,0.8999999999999998,0.19999999999999998,0.6,0.7999999999999999,True,False,0.0,False,True,,Scalar / other,Scalar / other,True,Scalar / other,False,False
R168,P29,variable update,5,2,5,0.9999999999999999,0.39999999999999997,0.7999999999999999,0.49999999999999994,True,False,0.0,False,True,,Scalar / other,Scalar / other,True,Scalar / other,False,False
R169,P29,variable update,3,1,5,,,,,False,False,,False,False,insufficient_or_undefined,,Scalar / other,False,,False,False
R170,P30,variable update,5,5,5,0.49999999999999994,-0.3,-0.7,0.3,True,False,2.0,False,False,not_selected_under_75_percent_constraints,,Scalar / other,False,,False,False
R171,P30,variable update,4,2,5,,,,,False,False,,False,False,insufficient_or_undefined,,Scalar / other,False,,False,False
R172,P31,variable update,5,4,5,-0.19999999999999998,0.0,-0.19999999999999998,-0.7,True,True,4.0,True,False,nonpositive_in_at_least_three_panels,,Scalar / other,False,,False,False
R173,P32,variable update,6,4,5,0.3714285714285715,0.4285714285714286,-0.3714285714285715,0.08571428571428573,True,False,1.0,False,True,,Scalar / other,Scalar / other,True,Scalar / other,False,False
R174,P32,variable update,5,5,5,0.49999999999999994,-0.19999999999999998,0.09999999999999999,-0.7,True,False,2.0,False,False,not_selected_under_75_percent_constraints,,Scalar / other,False,,False,False
R175,P32,variable update,6,3,5,-0.14285714285714288,-0.028571428571428574,-0.8285714285714287,-0.6571428571428573,True,True,4.0,True,False,nonpositive_in_at_least_three_panels,,Scalar / other,False,,False,False
R176,P32,variable update,6,1,5,0.3142857142857143,0.028571428571428574,0.2,-0.028571428571428574,True,False,1.0,False,False,not_selected_under_75_percent_constraints,,Scalar / other,False,,False,False
R177,P32,variable update,7,2,5,0.07142857142857144,-0.6785714285714287,-0.10714285714285716,-0.4642857142857144,True,False,3.0,True,False,nonpositive_in_at_least_three_panels,,Scalar / other,False,,False,False
R178,P32,variable update,8,1,5,-0.2380952380952381,0.09523809523809526,0.0,0.0,True,False,3.0,True,False,nonpositive_in_at_least_three_panels,,Scalar / other,False,,False,False
R179,P02,array/index access,7,1,5,-0.21428571428571433,0.14285714285714288,-0.6071428571428572,0.6071428571428572,True,False,2.0,False,True,,Array expressions,Array expressions,True,Array expressions,False,False
R180,P03,array/index access,10,1,5,0.309090909090909,-0.01818181818181818,-0.23636363636363633,-0.07878787878787878,True,False,3.0,True,False,nonpositive_in_at_least_three_panels,,Control flow | Array expressions,False,,False,False
R181,P03,array/index access,12,2,5,0.41958041958041964,0.02097902097902098,0.04195804195804196,-0.3426573426573427,True,False,1.0,False,True,,Array expressions,Control flow | Array expressions,True,Array expressions,False,False
R182,P06,array/index access,6,1,5,-0.14285714285714288,-0.14285714285714288,0.6571428571428573,-0.2571428571428572,True,False,3.0,True,False,nonpositive_in_at_least_three_panels,,Array expressions,False,,False,False
R183,P06,array/index access,7,1,5,-0.25,-0.03571428571428572,0.28571428571428575,-0.07142857142857144,True,False,3.0,True,False,nonpositive_in_at_least_three_panels,,Array expressions,False,,False,False
R184,P06,array/index access,6,2,5,0.028571428571428574,0.14285714285714288,-0.8285714285714287,-0.2571428571428572,True,False,2.0,False,False,not_selected_under_75_percent_constraints,,Array expressions,False,,False,False
R185,P06,array/index access,12,1,5,0.3426573426573427,-0.18181818181818185,0.5244755244755246,-0.22377622377622378,True,False,2.0,False,True,,Control flow,Control flow | Array expressions,False,,True,False
R186,P09,array/index access,9,4,5,-0.3,-0.6666666666666667,-0.39999999999999997,0.2333333333333333,True,False,3.0,True,False,nonpositive_in_at_least_three_panels,,Array expressions,False,,False,False
R187,P09,array/index access,7,5,5,0.5,0.21428571428571433,0.14285714285714288,0.21428571428571433,True,False,0.0,False,True,,Array expressions,Array expressions,True,Array expressions,False,False
R188,P09,array/index access,7,1,5,-0.1785714285714286,0.07142857142857144,-0.21428571428571433,0.6071428571428572,True,False,2.0,False,False,not_selected_under_75_percent_constraints,,Array expressions,False,,False,False
R189,P13,array/index access,7,6,5,0.3214285714285715,0.4642857142857144,-0.21428571428571433,0.10714285714285716,True,False,1.0,False,True,,Control flow,Control flow | Array expressions,True,Array expressions,False,True
R190,P14,array/index access,9,6,5,-0.33333333333333337,-0.06666666666666667,0.09999999999999999,0.5666666666666667,True,False,2.0,False,True,,Array expressions,Array expressions,True,Array expressions,False,False
R191,P14,array/index access,10,1,5,-0.10303030303030303,-0.12727272727272726,0.22424242424242422,-0.1515151515151515,True,False,3.0,True,False,nonpositive_in_at_least_three_panels,,Array expressions,False,,False,False
R192,P14,array/index access,10,1,5,0.0303030303030303,0.2727272727272727,-0.32121212121212117,-0.709090909090909,True,False,2.0,False,False,not_selected_under_75_percent_constraints,,Array expressions,False,,False,False
R193,P14,array/index access,8,1,5,0.3571428571428572,0.6190476190476191,-0.523809523809524,0.30952380952380953,True,False,1.0,False,True,,Array expressions,Array expressions,True,Array expressions,False,False
R194,P18,array/index access,8,4,5,-0.8095238095238096,-0.6190476190476191,0.2380952380952381,0.5476190476190477,True,False,2.0,False,False,not_selected_under_75_percent_constraints,,Array expressions,False,,False,False
R195,P18,array/index access,20,1,5,0.15789473684210525,-0.04962406015037594,0.21052631578947367,0.2857142857142857,True,False,1.0,False,True,,Array expressions,Array expressions,True,Array expressions,False,False
R196,P20,array/index access,8,2,5,-0.38095238095238104,-0.2380952380952381,0.19047619047619052,-0.3333333333333334,True,False,3.0,True,False,nonpositive_in_at_least_three_panels,,Calls / returns,False,,False,False
R197,P20,array/index access,6,6,5,0.6571428571428573,0.14285714285714288,-0.3142857142857143,-0.3714285714285715,True,False,2.0,False,False,not_selected_under_75_percent_constraints,,Array expressions,False,,False,False
R198,P20,array/index access,9,1,5,0.06666666666666667,0.33333333333333337,0.03333333333333333,0.16666666666666669,True,False,0.0,False,True,,Array expressions,Array expressions,True,Array expressions,False,False
R199,P20,array/index access,7,2,5,0.0,-0.5357142857142858,0.3571428571428572,0.3214285714285715,True,False,2.0,False,False,not_selected_under_75_percent_constraints,,Array expressions,False,,False,False
R200,P22,array/index access,9,4,5,0.6166666666666666,0.16666666666666669,-0.8333333333333333,-0.2833333333333333,True,False,2.0,False,False,not_selected_under_75_percent_constraints,,Array expressions,False,,False,False
R201,P22,array/index access,9,3,5,0.8499999999999999,-0.18333333333333335,-0.39999999999999997,0.31666666666666665,True,False,2.0,False,False,not_selected_under_75_percent_constraints,,Array expressions,False,,False,False
R202,P22,array/index access,9,5,5,0.48333333333333334,0.2833333333333333,0.15,0.41666666666666663,True,False,0.0,False,True,,Array expressions,Array expressions,True,Array expressions,False,False
R203,P22,array/index access,8,1,5,-0.3333333333333334,-0.4047619047619048,0.2142857142857143,0.28571428571428575,True,False,2.0,False,False,not_selected_under_75_percent_constraints,,Array expressions,False,,False,False
R204,P22,array/index access,8,2,5,0.14285714285714288,0.7619047619047621,0.19047619047619052,0.19047619047619052,True,False,0.0,False,True,,Array expressions,Array expressions,True,Array expressions,False,False
R205,P22,array/index access,6,1,5,0.6,0.3714285714285715,-0.942857142857143,-0.5428571428571429,True,False,2.0,False,False,not_selected_under_75_percent_constraints,,Array expressions,False,,False,False
R206,P26,array/index access,11,2,5,0.11818181818181818,0.27272727272727276,-0.14545454545454548,-0.16363636363636366,True,False,2.0,False,False,not_selected_under_75_percent_constraints,,Array expressions,False,,False,False
R207,P26,array/index access,12,1,5,-0.3356643356643357,-0.20979020979020982,-0.06293706293706294,0.1188811188811189,True,False,3.0,True,False,nonpositive_in_at_least_three_panels,,Array expressions,False,,False,False
R208,P26,array/index access,5,1,5,-0.7,-0.09999999999999999,-0.3,-0.39999999999999997,True,True,4.0,True,False,nonpositive_in_at_least_three_panels,,Array expressions,False,,False,False
R209,P28,array/index access,10,2,5,0.006060606060606061,-0.6484848484848483,0.23636363636363633,0.22424242424242422,True,False,1.0,False,True,,Array expressions,Array expressions,True,Array expressions,False,False
R210,P28,array/index access,6,16,5,0.5428571428571429,-0.4285714285714286,-0.028571428571428574,0.028571428571428574,True,False,2.0,False,False,not_selected_under_75_percent_constraints,,Array expressions,False,,False,False
R211,P28,array/index access,6,6,5,0.08571428571428573,0.3142857142857143,0.5428571428571429,-0.48571428571428577,True,False,1.0,False,True,,Array expressions,Control flow | Array expressions,True,Array expressions,False,False
R212,P28,array/index access,6,4,5,0.08571428571428573,-0.48571428571428577,0.4285714285714286,-0.2,True,False,2.0,False,False,not_selected_under_75_percent_constraints,,Array expressions,False,,False,False
R213,P28,array/index access,6,6,5,0.48571428571428577,0.2,0.08571428571428573,0.028571428571428574,True,False,0.0,False,True,,Control flow,Control flow | Array expressions,True,Array expressions,False,True
R214,P31,array/index access,6,1,5,0.7714285714285715,0.6,-0.942857142857143,-0.5428571428571429,True,False,2.0,False,True,,Array expressions,Array expressions,False,,True,False
R215,P02,loop condition / boundary,6,7,5,-0.14285714285714288,0.3714285714285715,0.14285714285714288,0.4285714285714286,True,False,1.0,False,True,,Control flow,Control flow,True,Loop headers,False,False
R216,P04,loop condition / boundary,13,4,5,0.049450549450549455,-0.1758241758241758,-0.5494505494505494,-0.016483516483516484,True,False,3.0,True,False,nonpositive_in_at_least_three_panels,,Control flow,False,,False,False
R217,P06,loop condition / boundary,7,6,5,0.1785714285714286,-0.3214285714285715,-0.03571428571428572,-0.1785714285714286,True,False,3.0,True,False,nonpositive_in_at_least_three_panels,,Control flow | Calls / returns,False,,False,False
R218,P06,loop condition / boundary,16,1,5,0.07058823529411765,-0.12941176470588234,-0.2323529411764706,-0.13823529411764704,True,False,3.0,True,False,nonpositive_in_at_least_three_panels,,Control flow,False,,False,False
R219,P07,loop condition / boundary,10,6,5,0.10303030303030303,0.1515151515151515,-0.6606060606060605,-0.34545454545454546,True,False,2.0,False,False,not_selected_under_75_percent_constraints,,Control flow | Calls / returns,False,,False,False
R220,P08,loop condition / boundary,15,1,5,0.06428571428571428,0.24285714285714283,-0.125,-0.06428571428571428,True,False,2.0,False,False,not_selected_under_75_percent_constraints,,Control flow | Calls / returns,False,,False,False
R221,P08,loop condition / boundary,15,1,5,0.09999999999999999,-0.1964285714285714,0.1714285714285714,0.014285714285714282,True,False,1.0,False,True,,Calls / returns,Control flow | Calls / returns,True,Function calls,False,False
R222,P09,loop condition / boundary,14,1,5,0.23956043956043957,0.367032967032967,-0.1252747252747253,0.221978021978022,True,False,1.0,False,True,,Control flow,Control flow,True,Loop headers,False,False
R223,P09,loop condition / boundary,15,1,5,0.18928571428571428,0.4535714285714285,-0.33928571428571425,-0.5964285714285712,True,False,2.0,False,False,not_selected_under_75_percent_constraints,,Control flow,False,,False,False
R224,P11,loop condition / boundary,7,14,5,0.3214285714285715,0.21428571428571433,0.21428571428571433,0.3571428571428572,True,False,0.0,False,True,,Control flow,Control flow,True,Loop headers,False,False
R225,P13,loop condition / boundary,15,2,5,-0.38214285714285706,0.20357142857142854,-0.21428571428571427,0.2285714285714285,True,False,2.0,False,True,,Control flow,Control flow,False,,True,False
R226,P14,loop condition / boundary,15,2,5,-0.21428571428571427,-0.2178571428571428,-0.075,0.0857142857142857,True,False,3.0,True,False,nonpositive_in_at_least_three_panels,,Control flow,False,,False,False
R227,P14,loop condition / boundary,14,7,5,-0.4945054945054946,-0.14285714285714285,0.3362637362637363,0.032967032967032975,True,False,2.0,False,True,,Control flow,Control flow,False,,True,False
R228,P15,loop condition / boundary,15,4,5,-0.2642857142857143,-0.028571428571428564,-0.1857142857142857,-0.3142857142857143,True,True,4.0,True,False,nonpositive_in_at_least_three_panels,,Control flow | Calls / returns,False,,False,False
R229,P15,loop condition / boundary,14,5,5,-0.39780219780219783,-0.1912087912087912,0.3098901098901099,0.3098901098901099,True,False,2.0,False,True,,Calls / returns,Control flow | Calls / returns,True,Function calls,False,False
R230,P15,loop condition / boundary,15,1,5,-0.24285714285714283,-0.19999999999999998,0.2964285714285714,-0.05357142857142857,True,False,3.0,True,False,nonpositive_in_at_least_three_panels,,Control flow | Calls / returns,False,,False,False
R231,P16,loop condition / boundary,13,1,5,0.07692307692307691,0.07142857142857142,-0.34065934065934067,0.2582417582417582,True,False,1.0,False,True,,Control flow,Control flow,True,Loop headers,False,False
R232,P17,loop condition / boundary,18,1,5,-0.0608875128998968,0.27347781217750256,-0.2714138286893705,-0.2507739938080495,True,False,3.0,True,False,nonpositive_in_at_least_three_panels,,Control flow | Calls / returns,False,,False,False
R233,P19,loop condition / boundary,19,1,5,-0.2421052631578947,0.07894736842105264,0.02456140350877193,0.0543859649122807,True,False,1.0,False,True,,Calls / returns,Control flow | Calls / returns,True,Function calls,False,False
R234,P20,loop condition / boundary,14,7,5,0.054945054945054944,-0.3406593406593406,0.04615384615384615,-0.2175824175824176,True,False,2.0,False,False,not_selected_under_75_percent_constraints,,Control flow,False,,False,False
R235,P21,loop condition / boundary,13,1,5,0.12087912087912088,-0.17032967032967034,0.021978021978021976,-0.22527472527472525,True,False,2.0,False,False,not_selected_under_75_percent_constraints,,Control flow,False,,False,False
R236,P22,loop condition / boundary,9,9,5,0.03333333333333333,-0.7833333333333333,0.18333333333333335,-0.6,True,False,2.0,False,True,,Control flow,Control flow,False,,True,False
R237,P22,loop condition / boundary,9,2,5,0.38333333333333336,-0.21666666666666667,0.2333333333333333,0.5833333333333334,True,False,1.0,False,True,,Control flow,Control flow,True,Loop headers,False,False
R238,P25,loop condition / boundary,13,1,5,-0.32967032967032966,-0.23076923076923078,-0.15384615384615383,-0.07692307692307691,True,True,4.0,True,False,nonpositive_in_at_least_three_panels,,Control flow | Calls / returns,False,,False,False
R239,P26,loop condition / boundary,17,3,5,-0.2622549019607843,-0.11764705882352941,-0.24754901960784317,-0.07352941176470588,True,True,4.0,True,False,nonpositive_in_at_least_three_panels,,Control flow,False,,False,False
R240,P28,loop condition / boundary,13,2,5,-0.510989010989011,-0.22527472527472525,0.2087912087912088,0.3186813186813187,True,False,2.0,False,True,,Control flow,Control flow,False,,True,False
R241,P28,loop condition / boundary,16,3,5,0.2823529411764706,-0.0029411764705882353,-0.10588235294117648,-0.2823529411764706,True,False,3.0,True,False,nonpositive_in_at_least_three_panels,,Control flow,False,,False,False
R242,P28,loop condition / boundary,16,1,5,0.011764705882352941,0.1411764705882353,0.12058823529411765,0.19999999999999998,True,False,0.0,False,True,,Control flow,Control flow,True,Loop headers,False,False
R243,P28,loop condition / boundary,12,1,5,0.034965034965034975,0.06293706293706294,0.10489510489510491,0.02097902097902098,True,False,0.0,False,True,,Control flow,Control flow,True,Loop headers,False,False
R244,P30,loop condition / boundary,14,1,5,0.3538461538461538,-0.04615384615384615,0.4461538461538462,0.09010989010989012,True,False,1.0,False,True,,Control flow,Control flow,True,Loop headers,False,False
R245,P31,loop condition / boundary,11,2,5,-0.045454545454545456,-0.23636363636363636,-0.05454545454545456,-0.10909090909090911,True,True,4.0,True,False,nonpositive_in_at_least_three_panels,,Control flow,False,,False,False
