region_id,program_id,semantic_type,human_attention,human_regression,eeg_theta,qwen_hidden,qwen_moe_write,qwen_integration,qwen_confidence,qwen_choice_change,qwen_residual,glm_hidden,glm_moe_write,glm_integration,glm_confidence,glm_choice_change,glm_residual,human_attention_heatmap_z,qwen_integration_heatmap_z,glm_integration_heatmap_z
R001,P03,condition / branch,-0.161504972448938,0.0926836235920843,0.4812083993730574,2.553632831545684,1.9957691559179385,2.217185194913497,3.788370971406106,1.630930503999663,2.102153597276868,0.0560389604982031,1.3420534008623233,0.645213836134523,2.764933457175952,-0.596942914488665,0.5375491470430424,-0.1683888947939418,2.6201362452478936,1.08933292346473
R002,P04,condition / branch,2.090427746783917,2.293541659830564,0.4234270462024805,2.326820224905929,3.137598637708847,2.902078935773607,3.651032248288139,0.4347536264050922,3.241817944706044,0.1372311814524227,1.956545729014503,1.1420754214591389,3.0968758030034134,-1.405915481356407,1.33244935391049,2.179529289965515,3.42950251681052,1.9281985103244272
R003,P07,condition / branch,-0.825216951037563,-0.8161676961215154,0.3816565964902913,-0.5985015635902036,-0.9949179212833666,-0.7670598601353852,-0.1706056060396446,-0.9369910124351982,-0.7077600955325851,0.8394283516442356,0.0846789119621714,0.5078774418253738,0.3775931418492681,-0.3183745296985805,0.5995250618697142,-0.8603906631690547,-0.9064652544254042,0.8574639716034768
R004,P08,condition / branch,-0.4115188716662669,-0.3962172498393536,-0.443215847146884,-1.3987495304582034,-0.8407272246563641,-0.5503937589283792,-0.8696611807203103,-2.22008557466815,0.5882954783294301,-0.821137619148108,-0.0264566053264257,-0.3115236429464432,-0.4849055484826095,-0.5790721625271513,-0.0869767043647959,-0.4290592848999823,-0.6504222742578529,-0.5259542522093053
R005,P08,condition / branch,-0.6749274347343808,-0.5418344677966277,-0.5897059457431234,1.1951683482714013,0.515346714610847,0.5630679155392156,-0.9077621301568608,1.8755852755759683,-0.0213113162646011,0.3951628465496917,0.3531431716820539,0.321199178274137,-0.5650668345819637,0.4906226079026312,0.2152915165906654,-0.7036952675680916,0.6653998310222514,0.5422897344856143
R006,P10,condition / branch,0.1164645383422692,0.6240953139496358,1.573969505818592,-0.9166363984942748,0.8122349274621719,0.0439239960562591,1.1375583952705426,-0.7015187554815789,0.2361734592008805,-0.5457908873666978,0.4369984581978507,0.3351017171712572,0.2415400143606617,-0.2267621131662682,1.1140975806826188,0.1214286755185929,0.0519067393951367,0.5657617874581803
R007,P10,condition / branch,-0.3416772568742985,-0.1021050646730413,-0.6049473686678265,2.411147788412768,1.6978283752135708,2.164068350734628,0.9868248758975706,1.035123126286842,2.383228888577545,-0.3040366207342103,-0.2596740844584203,-0.3225493943040692,-0.8900878346014888,1.1212063024331786,-0.403937477719577,-0.3562407694876346,2.5573659502876342,-0.5445693427221717
R008,P10,condition / branch,-0.3924795190877353,-0.339112845096949,-1.2870261393153966,-0.4178797698251105,0.2784528073718556,0.3776944545073815,0.8160991990643678,-0.702017951108507,1.2725103259753994,-0.6785450222516748,-0.400259824051705,-0.5050714770876475,-0.7463493256396565,0.684648353920593,-0.4364095849595628,-0.4092084066906148,0.4463366128162025,-0.852726581300131
R009,P10,condition / branch,-0.4528005076429993,-0.3101888920889204,-0.4936272597286438,0.7558500521190051,1.2092061438484234,1.5497870725536884,0.469174871753288,-0.1558642718189632,2.684305021693637,-0.4589531008957045,-0.444391795808629,-0.7620757751844641,-0.8199354057223261,0.7663434505662393,-1.3828824288490589,-0.4721004925606664,1.8314452444162972,-1.2866342685035952
R010,P10,condition / branch,-0.6432410387088158,-0.5208433378007868,1.213197336899135,-0.088400726328896,-0.1354769608676435,0.4404444765865801,0.9685013382806892,-0.412936751006147,1.54521111695628,-0.3254572598070794,-0.153792614469862,-0.5245898345579926,-0.7808918315666729,0.6923072327819169,-1.0945196293970365,-0.6706582834688252,0.5204908186159704,-0.8856799809540833
R011,P11,condition / branch,0.4445579289856721,0.6501146705928655,0.1236019620315164,-0.1864238799736669,-0.4225788968453071,-0.1741366432319433,1.0440777970733115,0.0149915290802422,0.086592847123144,-0.3169946987144682,1.1860602515290677,0.3273189271817843,1.884228597692996,-1.3798539471084272,0.1128912287307537,0.4635065855786489,-0.2057842220868775,0.5526218811245893
R012,P11,condition / branch,0.5718764486139896,0.590621735580279,-0.1280193512673451,-0.2253650419915621,0.4999384489037174,0.616332838652609,1.045373368933909,-0.2386931167306487,1.5744251090456718,-0.2277104443634401,0.7540653621789796,-0.001819760219855,0.8231217527613666,0.043852671782762,-0.5318141984751047,0.5962518780729181,0.7283451167701067,-0.0030723530855672
R013,P13,condition / branch,-0.9641326129882672,-1.4086517764269355,-2.536076289354704,0.529067101376277,0.8533519752917224,0.6005896309957853,-0.1874609355396618,1.8543533409515225,0.4193498163193566,0.5484107732454819,-0.6609380854592731,-0.0721288997159668,-0.3507210917551617,0.8003830382186884,-0.1038593869341093,-1.0052274098694918,0.7097407398814557,-0.1217772787772417
R014,P14,condition / branch,0.0479042966949291,0.0285164214101059,0.0211950473645321,-0.7018780453155318,-0.8518836649463235,-0.6216138660472214,-0.6972170738546358,-0.4874349063986772,-0.3110798878798085,-0.9184497481374224,0.1756045269702549,-0.5673098848650414,-0.0248927066229816,-0.5160988372262879,-0.9590844334279566,0.0499461499793175,-0.7345859176380336,-0.957805460423552
R015,P14,condition / branch,-0.4695195414823194,-0.864556433646992,-1.5700753456238945,1.0209862698554086,1.4125160742542442,1.0368824820389442,-0.5104217606004662,1.4219248495973449,0.67714510200718,1.505218933775687,-0.8020837844654822,0.5159801437026302,0.5843370723618351,1.175669705522853,0.8448052817976862,-0.4895321517073574,1.225325416877876,0.8711439943022997
R016,P15,condition / branch,-1.104901571570639,-1.0047372803999155,2.0992724267624467,-1.1675485887820067,-0.8190010492945394,-0.9860239789244892,-0.7289934875394201,-0.5615585030435502,-0.971522298696922,-0.190338483629033,-0.3138623158805829,-0.2559211933488256,-0.3629498202053209,-0.1571937571301819,-0.2635627805368608,-1.1519964473644462,-1.165223893696618,-0.4320790505632193
R017,P15,condition / branch,-1.0907978598950143,-1.0438678573443323,-1.9069295056387912,-0.3419771276949603,-1.3075845793833136,-0.6664102408903307,-0.757823060048653,-0.4799189013798728,-0.3496690155927183,-0.2403786382426137,-0.0877006762337074,-0.3199664602519378,-0.5853457296496498,-0.3148396834257769,-0.6318200662794922,-1.1372915848110554,-0.7875235818671694,-0.5402085014869904
R018,P17,condition / branch,-0.7413966704299453,-0.681484460449507,0.2837680990104361,-0.4721071197770386,-0.8901816464794954,-0.3389800262400138,0.2006961949731711,-1.061082441398269,0.3453486875364924,-0.285487267071051,0.964163859311854,0.286530128480349,0.324892977859021,-0.6233236238715587,0.1809137932002439,-0.7729976609672352,-0.4005862276205547,0.4837569888274177
R019,P17,condition / branch,0.028963190328061,-0.04229452132907,-0.6335329288493553,-0.0652027551690438,1.1510927860489113,0.6803471777689762,-0.6992290554496677,1.2098294623957495,0.955151502427061,-0.5167320875564357,1.1038204343281257,0.2202915608802627,-0.0156553634064856,-0.5339697223355814,0.0737863358690981,0.0301977055882334,0.8039934164787503,0.3719245257757823
R020,P17,condition / branch,-0.3360043991644259,-0.5216471512067217,-2.8998078469635558,-1.8910037702855544,-1.1790343625332165,-0.8108662988011209,-0.3205406927814933,-0.3154937846494383,0.6374392364154079,0.8189176276332392,-0.3338027912952725,-0.1459890263546163,-0.3626414588738812,0.9961107271367828,-0.9230819154018156,-0.3503261141949578,-0.958233071559778,-0.2464774373491358
R021,P18,condition / branch,0.9025951682336673,1.2789518681531824,-0.4723173972666137,0.8567059927834372,1.273674430473528,0.9633701323316564,1.260760637668271,0.6636052552968597,0.7597299737380042,0.3230818938465922,0.6343253613612382,0.4698508269113574,0.4352423240598775,0.0577522529364844,0.452145225526242,0.9410670180651682,1.138452938934545,0.7932625529824472
R022,P18,condition / branch,-0.5196903524064577,-0.4263180030093207,0.2651244590950088,0.1775096330371238,3.16060241905756,1.3788909933038622,0.26575203291335,0.5176633255738022,0.7985609278169027,-1.042011908534516,0.1183257935758624,-0.186707319285664,-0.6264827034157707,-0.9747825147837128,0.3635641571016616,-0.5418414228977692,1.62949052613635,-0.3152232927430729
R023,P19,condition / branch,-0.8310089777178186,-0.9092315718528794,1.1863728167541632,-1.174386907436464,-0.9247944389777156,-0.9447569583402116,-0.7545308813167771,-1.2814930005113097,-0.7350895286064549,-0.9155615826984368,0.4575485383437928,-0.0325715985547029,-0.423223251340642,-0.9866963946949672,0.3602982486905353,-0.8664295668419035,-1.116457008271661,-0.0549915589040707
R024,P20,condition / branch,-0.2207451720478071,0.315483141722563,-0.088791696830746,-0.090434669460151,1.5032543176606132,0.6769157434479941,2.34810151411911,0.6352966723027429,0.6179275821435201,0.417399607249468,0.9639999411713182,0.6032903307745078,1.7167438414445977,0.055766559682885,0.4284714439027371,-0.2301541245981198,0.7999383535736674,1.0185522735497876
R025,P20,condition / branch,0.0734365055487204,0.1277611572492842,-1.1168704698743874,-0.1768561393483427,-0.3072679048297667,0.0542945352483087,1.195320170274401,-1.947904081055683,0.6470076499230356,-0.6780434590393052,1.670827820874386,0.5331239277786696,1.5745120428082178,-2.9584408077872038,0.6065874215009277,0.0765666333325301,0.0641620195053365,0.9000883339629053
R026,P24,condition / branch,-0.7913936676326486,-0.4283732430615498,-0.3960279545946648,-1.3646967361873292,-0.7785859077101408,-0.9860305142830948,-0.1796866817263877,-0.0257505819955264,-0.8148088989518143,-0.2923559728727499,0.283432883319017,-0.1916520885168235,-0.1686565047973365,0.6559273864299899,-0.5660331759967376,-0.8251257098707498,-1.165231616790745,-0.3235716876794059
R027,P25,condition / branch,-1.017335715589972,-0.6287749318111872,-2.215450995484004,-0.9745794101523312,0.0227985589029915,-0.8126445202945329,0.0586122779762403,-0.4981880857500059,-1.4861527096342593,-0.7467708460294569,0.0284866873390075,-0.1268362136218219,0.013757159648678,-0.9122347990353172,0.3377755178249836,-1.0606982199062678,-0.9603344668774342,-0.2141411973022974
R028,P25,condition / branch,-0.5548521526742706,-0.530982845315123,0.3942082406265477,-1.3806523283323902,-0.4336289998505688,-0.5739147763221583,-0.1302960783280344,-1.0182741564067617,0.0925369992164842,0.3817774899526882,-0.4288622863336798,-0.250967092913637,-0.2781142655070694,1.1824776369007122,-0.7058164823599196,-0.5785019454580532,-0.678217999369102,-0.423714901488963
R029,P27,condition / branch,0.5854581897258968,0.8241284253632675,-0.1720878695120702,0.6311836058911993,1.318175610339647,0.8160299321189558,2.3825454916946307,0.3637588173670166,0.4987305801260213,-0.418068763559928,1.4058198316558372,0.4420711542814011,1.726486336714861,-2.380618275195165,0.3384623947482943,0.6104125218012998,0.9643351431613144,0.7463613393008266
R030,P29,condition / branch,-1.136328802427253,-0.6335106430730858,-2.1773776313619613,-0.4926741807766646,-0.5078099929889129,-0.5971093288639332,-1.429713527351797,0.6472408124744188,-0.7908438128262222,0.7555205941615112,-0.7221542041971621,-0.0294308232117703,-0.4033512129512757,1.2531098037815234,-0.1216588595996599,-1.1847632197438691,-0.7056279279336765,-0.0496888983059037
R031,P32,condition / branch,-0.7598623132327993,-0.5953863113428496,-0.3849381574360817,-1.3439978190532214,-0.6566088484935674,-0.7786827758622655,0.3311210642707213,-0.9668226976200718,-0.3354416600400076,-0.1150081739689131,-0.230904729985558,-0.1001484545880374,-0.1768130335303452,-0.7722469552031487,0.0454675401903589,-0.7922503758284781,-0.920200517876254,-0.1690834924905652
R032,P01,base case / return,0.99861154851413,1.616273094235646,0.7963334454060227,0.2176932128645368,0.8871143212911393,0.2052742220609552,1.166691010762973,1.120503404538402,-0.4889848679728103,-0.373904344619106,0.5997351662183336,0.2566547776001981,0.3057471902830395,0.5263641491070343,0.5441335112013667,1.0411759615384333,0.2425807418662461,0.433317581779389
R033,P01,base case / return,2.730580504171563,2.755635583631617,0.986551958098158,1.454717289243989,0.5346919150827814,0.7702455238913363,0.96971044211252,-0.3799285581244547,0.3213273673472383,-0.4231462289255219,0.9272571690723151,0.2893107504800669,0.182948447902015,-0.6352374965336568,0.3638213112934074,2.846967658464546,0.9102298804436948,0.488451592263311
R034,P01,base case / return,1.3496322023391605,1.8078842839695344,0.3043170502115802,1.5235266998482364,0.8220837673222784,0.8772909984115249,0.3993035106273655,2.0628391384635902,0.2862625280640596,-0.3594892629350729,0.332581908880988,-0.0439797952767087,-0.1129668004863763,0.2384458031129214,-0.1050320317760412,1.4071583771332936,1.0367297904753638,-0.0742523428343959
R035,P03,base case / return,-0.1685052151147803,-0.1423690534094453,1.321080814901923,0.3163592183600997,0.9886435904104364,0.7588358317310906,2.6148754367905847,1.476495488188725,0.971504686422736,-0.9065153376291,1.7530934066793078,0.6070592079645295,2.6028705389685896,-2.310624377511976,0.9745995548433803,-0.1756875129597897,0.8967465917924972,1.024915376412216
R036,P03,base case / return,0.5411472912501153,0.4378923832870854,-0.4776658762321025,-1.6647266509642007,-1.5913286847076304,-1.5349179380610358,1.067492394832371,-0.3788896121999698,-1.3486984785112757,-0.3811155593523818,0.8028475230581114,0.0466610271906826,0.5798483467646599,0.1332066579415535,-0.2817488821336815,0.5642129335872437,-1.813873794674958,0.0787791431535528
R037,P05,base case / return,0.3848835859427664,0.8258140286626273,-0.8883443984134904,0.8608605967396957,1.4310631313276088,0.7503527150082085,1.6881299553826383,0.8803628837717216,-0.0408655830426788,-0.327913504280958,0.622677604421677,0.3292071983244025,0.6119845991180032,-0.3544107705790655,0.6928574948324885,0.4012887075766177,0.8867217541518332,0.5558099031552475
R038,P05,base case / return,1.2618304880932645,1.3317800422882664,-0.1543733074848765,1.9466895876822008,2.401738287540772,2.357425887386308,2.2343647760453504,1.0701038561672538,2.7238497869359497,-0.6767433816038452,0.093294500098125,0.0335617523556213,-0.5161352738320055,-0.9390410055347774,0.6841341385725841,1.315614238282991,2.785864269343332,0.0566632638090648
R039,P05,base case / return,0.054799808270705,0.2219694999056427,-0.0255286865707723,-0.6465589002626482,0.254227414797849,-0.0077167214727993,0.4967975294413934,-0.8177533682646131,0.3691813210464011,-0.8971578686578918,1.0296653647026854,0.2523160184972738,0.1063152292531033,-1.6016350196329412,0.6244405594470278,0.0571355730396561,-0.0091191577824661,0.4259923310282376
R040,P05,base case / return,-0.4998534796132222,-0.7878268979464459,-0.5830972242368253,0.3505655066068513,-0.3930340753900914,0.0350315428021599,-0.3964487696351239,-0.1836881141005517,0.1475631971897199,-0.6386470598599845,0.3203817116791995,-0.5340754636643817,-0.59137327040311,-0.2484624084137143,-1.2839610428123605,-0.5211590312960058,0.041398172436594,-0.9016948391401228
R041,P06,base case / return,-0.2095810785206242,-0.1449091338352713,0.1855663492596387,-1.5464421629853584,-0.9255160923830472,-1.2990616187709765,-1.559113079724517,-0.1256036376041169,-1.4252266009445238,4.162996164070629,-3.4386493828611817,0.9534973159035722,-0.3130823393408337,1.2173682572512086,2.1361451665012696,-0.2185141772831052,-1.535152967808371,1.6098167157600347
R042,P06,base case / return,-0.0624615638145676,-0.9815383602024392,-1.3202914517989488,0.5650214338265794,1.6066290915396355,0.7248703836612216,-0.5063302566620858,0.3998281335247043,0.0029606256174497,-0.9524436163036948,-0.0904846269585728,-0.1863282564282437,-1.0124113399378678,0.180862177586572,0.4839434739775364,-0.0651239001397413,0.8566082660549302,-0.3145833101085957
R043,P07,base case / return,-0.281123947751837,-1.1343658969507635,1.131605139625372,-1.861945977889781,-0.4402880925992022,-0.8907333098431405,-1.2110143072315742,-1.2840465031235335,-0.3699658590404383,3.5323703114154195,-1.3184274957886783,1.4423534522096928,-0.2820091136084041,0.8718661685606977,2.113117541002337,-0.2931064607128941,-1.0526151064528866,2.435166474696372
R044,P08,base case / return,-0.1536843038988632,0.1354892044704031,-0.4582384937273456,-0.8417264010321859,0.2739248579841019,-0.0145568922013225,0.8875358540115119,-0.5943912225457604,0.5241308664441165,-0.6417540902104264,0.3369929600557421,-0.0160781304517494,-0.0032056674186222,-0.3403693909417349,0.2565267387994361,-0.1602348812442154,-0.0172024605623164,-0.0271451662502767
R045,P08,base case / return,-0.5114668184306179,-0.5061267160160209,-1.002307355820568,-0.8209907511167609,-0.3833242286662268,-0.2261148335646559,-0.2936819577705571,-1.205050011289518,0.5259704790890198,-0.5328496399885831,0.3480620069489732,-0.2268492394195282,-0.6173558747831295,-0.2063384018264029,-0.4957600852189748,-0.5332673723500072,-0.2672089243470094,-0.382996041503211
R046,P08,base case / return,-0.5496538666414071,-0.8498001084150322,1.3784779190542231,-0.3999743371101462,-0.3515013789636366,-0.7740904588547931,-1.347330142734333,0.2720030633737142,-1.5707956604905968,1.5482441821833812,-1.4203227444570594,-0.1957306571712264,-0.8111801730080569,1.3528883826021565,-0.7151134092400011,-0.5730820897927832,-0.9147735935631428,-0.3304576514747112
R047,P09,base case / return,-0.3512324136583861,0.166291349126161,1.5964190619252978,0.2262778986733471,1.0302889469853964,0.3460172029041338,0.915152989959126,-0.030136013672728,-0.2185152369463421,-0.5087540664766079,0.0670813827870144,0.045616517709437,-0.216624839192061,0.3572789666098245,0.5785222368179046,-0.3662032013933399,0.4089023401781225,0.0770156680030374
R048,P10,base case / return,-0.8178045947421085,-0.8916560937959277,0.5005984499718643,-0.0242946819215333,0.0433022781253288,0.0340321236604631,-1.4785514318624238,-0.5948608010048233,0.0830887747775939,-1.055240934172614,0.0651192240487009,-0.3746647686625793,-0.4885118766904551,-0.6498590052512002,-0.133872595863825,-0.8526623656096398,0.0402171189443725,-0.6325572157776065
R049,P11,base case / return,-0.9202768453694412,-1.2343842920002162,3.066843239229615,-0.1868139873105636,0.0351819884172547,-0.3247896635405886,-1.1902302846162884,1.0487587697781815,-0.8227369917284569,-0.7441871405160523,0.3723310778884614,-0.4346811211788918,0.5293369829916017,0.2136252308382095,-0.9321873009090844,-0.9595023518251714,-0.3838169096008986,-0.733884535622393
R050,P12,base case / return,-0.7501454180022112,-0.5319712914239855,0.1271777642898612,1.2010182178365274,0.3109828115521972,0.7057613832227411,1.0196615750338944,0.9833066030475698,0.6052831202794986,-0.437480770750176,0.2009419482872645,-0.0680141436906036,-0.5754952878817492,0.2679249726670105,0.0324963913911005,-0.7821193116024243,0.8340263974883425,-0.1148302188113447
R051,P12,base case / return,-0.6434437578331788,-0.5801440260995014,-0.4911297397121225,-1.428006640810337,-0.7493238763465971,-0.9725562923177288,-0.1276260340625587,-0.5070493194368532,-0.7403383597962525,-0.8418139066382281,-0.2253280959349335,-0.1997012415250022,-0.5824716343874536,0.3655269899989423,0.4680382779981546,-0.6708696432108038,-1.1493085908617593,-0.3371613022951504
R052,P12,base case / return,-0.834022853996354,-0.3268065070117373,-0.1125896054400379,-0.884981698947795,-0.3595241605671311,-0.2130491042244171,0.5702820257647364,-0.6795574816802438,0.6053585468416747,-0.8861726861051503,-0.0131510112003651,-0.395626784863084,-0.5159804703852957,-0.5503511930393316,-0.2875566572837365,-0.8695719053587484,-0.2517686304583907,-0.6679479856442496
R053,P12,base case / return,-0.670687971760569,-0.8700743735480181,0.2401859585943857,0.281212098145139,-0.3691726714520694,0.0354375216322272,-0.2424727060702889,-0.212577677701104,0.194273138203612,-0.4332960309547711,-0.1145712975269061,-0.5971462137620356,-0.9270706914734864,0.2563165950187677,-1.2435713128044297,-0.6992751034464842,0.041877933824999,-1.008178985544364
R054,P12,base case / return,-1.0416215181932431,-0.7112203001985149,1.2810677120370006,0.2745249151512453,-0.5518492225849161,-0.172427260204294,-0.7745256607390091,0.5489805262126698,-0.2399574731792114,-0.7651762878788892,-0.6099580319390934,-1.1190555115301022,-0.8992838792332243,1.0781248871471742,-1.982032214772324,-1.0860191706952078,-0.2037641759319463,-1.8893333397770529
R055,P12,base case / return,-0.8799473608110592,-0.8750289925710182,-1.0033081854266963,-0.1333014767554977,-2.4355672598457487,-1.070917833537682,-1.038816374466483,0.0157568010442387,-0.6438847640117996,0.1471058470549404,-0.4696526678048826,-0.9443704512485108,-0.992322137951706,2.091051491655371,-2.5105645329955903,-0.9174538796981452,-1.265546350287579,-1.5944075698304765
R056,P12,base case / return,-1.0362461070310591,-1.1365680639086548,0.7386986686763342,0.156900201423154,-1.008114176703201,-0.4515526192333097,-0.6293802036129981,0.0088401423721424,-0.5034438824198824,-0.3769855637861337,0.2051792387325297,-0.4292985296622211,-0.9134290814468105,0.7487562625512999,-1.1160892639330595,-1.0804146401910504,-0.533617754170497,-0.7247969528330976
R057,P13,base case / return,-0.9207697661925834,-1.2453940175928433,0.961915912410102,0.4403972919321627,0.4417222637832677,0.0875731132167698,-0.8427394111363569,1.18954873639164,-0.6194002160651209,3.0424336094899918,-2.616084229138045,0.1321748356910586,-0.5396687308880666,1.6790303348838636,-0.0298248732787704,-0.960016282705263,0.1034886434271938,0.2231545452193196
R058,P15,base case / return,-0.7880678394330358,-0.674054417264949,2.704314282155513,-0.4842901813706461,-0.5409870746479579,-0.5956053981920099,-0.9658509106565945,-0.8669983094425356,-0.7615389385574253,1.1804724386691523,-1.37830673754051,0.0003394644343478,-0.5435662073134944,0.8748446711597181,0.1988526921744013,-0.8216581229208534,-0.7038506730282738,0.00057312748731
R059,P15,base case / return,-0.7697128773773964,-0.402233033465033,-0.4372835880349323,-0.783649013431967,-0.0750096844451536,-0.4744411838632777,-1.3972093404581805,-0.5647503277476317,-0.5646648537127125,-1.0144926883173295,-0.3041324176216047,-0.39715626682401,-0.8465519837864263,-0.3314339688918463,0.1271563054669043,-0.8025208064180376,-0.5606660846059787,-0.6705302536654435
R060,P16,base case / return,-0.1782825725313024,-0.1398232764328671,2.350331957786284,-1.249403643626656,-1.471130074140988,-1.563900479183891,-0.1503835937489603,-0.4947685634679543,-1.9711677197840296,-0.4129705906560408,0.666164550061796,0.2528100924538843,0.0285039714374265,-0.4485869131981443,0.505236317955898,-0.1858816164874321,-1.848123620377201,0.4268264901820257
R061,P16,base case / return,0.1436872716710517,-0.8562520514687366,-1.8683157803115011,-0.9269172506203848,-0.5584017313253905,-1.1405128602664625,-0.7847042226790556,-0.0363706612879575,-1.936219598853612,-1.0802063155249522,-0.1608139545523671,-0.1222128655349867,-0.7400493215657034,0.4906226079026312,0.8743816734723592,0.1498117395753555,-1.3477895713046617,-0.2063354668520639
R062,P19,base case / return,-0.8401567639856724,-1.369086253117091,-1.059355098771862,-1.144074030147732,-0.4673037625223252,-1.1262573282394837,-1.1031308416637342,-0.779309117368192,-1.767394192048394,-1.0690690100708864,-0.287664887767103,-0.1301645751560188,-0.8217477279961849,-0.3790893766927259,0.9662401723699328,-0.8759672646359583,-1.3309432400893582,-0.2197605650178378
R063,P20,base case / return,-0.9007709090000836,-0.7863662281457225,-1.3293393614830766,-1.3620288345182263,-0.6553212215373595,-0.8705761253056531,-1.254545718553132,-0.2803336077504541,-0.5943783198613733,1.8643757657548288,-1.659130872845346,0.0177943252953659,-0.6468036570493394,2.1168649323043547,-0.1518619170233847,-0.9391650023469964,-1.0287945568975383,0.030042666957072
R064,P20,base case / return,-0.2824605101738877,-0.9287654359150692,-2.2107102090667,1.045199622296277,-0.3746512313532676,-0.001969469552053,-0.3349660019525425,1.067353295278736,-0.6764567995991685,0.2823055469614515,1.4683304466148992,0.624376678192884,0.6605501960027701,0.8033614103328801,0.1224940410023014,-0.2944999922287327,-0.0023274007823453,1.0541529553579558
R065,P23,base case / return,-1.046168104358291,-0.9094135831292204,-0.302976293433667,-0.6687279564100097,-0.5105725246386165,-0.3774136305254483,-0.3949995758591177,-0.9088698066512982,0.0470595894722813,1.5243197564658677,-0.6416373468614398,0.292742963663163,-0.0734320032288948,0.5184216051068226,-0.0044535186149385,-1.0907595487022064,-0.4460047519074763,0.4942462956799265
R066,P23,base case / return,-1.0562187408856796,-0.9654578979883566,-1.0731502704420537,-0.9163053676056366,-1.983113305251091,-0.9326036808091286,-1.0764438621655568,-1.510019935061358,0.1016076304293415,1.8307586495753376,-2.0825740442271834,-0.4281735031992948,-0.5731260169519401,0.9473206854099055,-1.032705114946039,-1.101238579478535,-1.1020949951070411,-0.7228975385657643
R067,P23,base case / return,-1.1722880119145256,-1.3107172958501954,1.5553285170649662,-1.1997727858668334,-1.2205066482414764,-0.9915001276292202,-0.4963679041189258,-1.6554055565707635,-0.5542209487793507,-0.8797935135022196,0.3949831477675469,-0.1573251889355025,-0.2254624115410639,-1.385810798520778,0.0128347989281649,-1.2222551399702886,-1.1716952772051084,-0.265616603984325
R068,P24,base case / return,-0.9684602367274536,-0.5967588158532456,-0.3734406216140523,0.029765123494428,0.3353005330055725,0.2447662512617368,1.3779083958061114,0.6837009789880619,0.3692330972852098,-0.6919362220210195,0.2857113372356796,0.0311385267262444,0.2971109383300966,-0.0455012517965699,0.4996404649640731,-1.009739492485128,0.2892500491233664,0.0525720628595033
R069,P24,base case / return,-0.5829854855855956,-0.4906717504999764,-1.2716051845481329,-0.7131962564651098,-0.5096364871464805,-1.095454865395182,-0.9229305326719306,0.2847525693136047,-2.063531852573956,-0.6429030136110336,-0.1293625283429689,-0.0237580509112368,-0.6472467220081851,0.5621057382446386,0.7009913892202919,-0.6078344221240941,-1.294542740245499,-0.0401113950221684
R070,P24,base case / return,-0.8566867670696258,-0.8424820971181156,0.5110920759395927,-1.9444158488159948,-1.663184648125695,-1.7699064925913326,-1.006515548679048,-1.054052548575998,-1.7021189808323076,-0.8295349327301967,-0.6044632167771137,-0.6282397966769405,-1.0157341764780865,1.1458850150650624,-0.4507212405235111,-0.8932018358571471,-2.091569149287527,-1.0606751684852151
R071,P25,base case / return,-1.0270734569800368,-1.000731139810708,0.2561162896961402,1.130683488447484,2.3959920346683083,1.6317310825454772,1.663516980692389,1.1216147069469005,1.3685177245206386,-0.6298758519879432,-0.1977725573467167,-0.4046478425583094,-0.6610877941244612,0.7408137691472458,-0.3862951183402682,-1.0708510188300324,1.92828175187314,-0.6831784946655021
R072,P25,base case / return,-0.94481427425637,-1.1071822948261771,0.2111086333316408,-0.986674439267745,-1.3149378994245442,-1.237934516815691,-1.028943338914956,-1.2299167838896594,-1.412191211754784,1.4087467154227873,-1.0533298934868192,0.560823415503123,-0.4737239314380798,0.8748446152376487,1.3270534245734007,-0.9850856541142772,-1.4629166314989652,0.9468541691813912
R073,P27,base case / return,1.3219834157177988,0.7430390319704003,-1.0250916056560362,-0.1445564390147727,-0.7037303447160159,-0.7225418337608298,-0.6582191829995789,-0.3447138125321872,-1.3193387175517008,2.964304784100775,-2.202110937025277,0.8615603973507149,-0.1481641760932991,-0.0901782595222213,1.822487344976647,1.378331099861465,-0.8538565256920225,1.4545969937814718
R074,P29,base case / return,-0.695945812161928,-0.4491180926417246,0.9282866279512744,-0.625154541039737,-0.0287915445739116,-0.2386600045902321,-0.1060168351613399,0.047103852100479,-0.0620339281570478,1.3221834241752917,0.426301810220866,0.7149852825955533,-0.0772017499185811,0.1944778858908599,0.3964706133905022,-0.725609523777792,-0.2820340536967606,1.2071300466682542
R075,P29,base case / return,-0.9414854248253594,-0.7977610098995221,-0.941028257426291,-0.2800441573657237,0.4235412365082118,0.0449012145704695,-0.8523566830847473,0.407383302870064,-0.0087934354310794,-0.3045660469064257,0.2172259813320021,-0.1035080725402707,-0.5821410556019969,0.7884691396667459,-0.2231841520463887,-0.981614917157243,0.0530615575197047,-0.1747556313082268
R076,P29,base case / return,-1.2226321480543043,-1.3526984898147605,-1.4866752994386268,-1.2325831471264124,-0.9749409763588608,-1.1435989409277678,-1.439148672252062,0.2177049186494725,-1.2232726992980305,-0.4071300145402641,-1.2752901896132829,-0.9387866691564716,-0.8245743197304066,0.0304496138032781,-1.133939803315868,-1.2747451241199306,-1.351436516005084,-1.5849803112540766
R077,P01,recursion / function call,0.606686208143959,0.2389227829727118,-0.0367991103114638,1.045304839972705,0.6528060315482185,0.5848272648174465,0.0033035067103501,0.7411166185688376,0.0563709229314162,-0.4258110390717032,0.2520363531505856,-0.1368848318677232,-0.1976231162151034,0.0795943070782659,-0.2368798096820522,0.632545354653942,0.691113722603205,-0.2311065661111375
R078,P01,recursion / function call,0.7400420652427128,0.0481127662573774,0.5673931374921221,0.1384166278845806,0.1527449229339048,0.2864560739510482,0.0459498692235571,-0.6392512411692476,0.5682066710346592,-0.5089100785150504,0.3243423273286987,-0.3940204172453092,-0.5380710870054796,-0.090773911576233,-0.9974935005495758,0.7715853176387204,0.3385165766722681,-0.6652359093755302
R079,P03,recursion / function call,-0.9320930418630456,-0.8643851292412873,0.0382371125100253,-0.3050379672850795,-0.7550028804703768,-0.5024884846047147,0.2279421715482052,-0.5357555497766582,-0.4474246060586877,-0.0551728190488196,1.2698489029566482,0.5311246975947443,1.0569048696123768,-0.8969169294685326,0.3786980088764045,-0.9718221970785748,-0.593810699418759,0.8967129766178404
R080,P03,recursion / function call,-1.2513308152129847,-1.3430670904227608,0.0445029567671864,-0.072927713365052,-1.9410817714030184,-0.9406012165930904,-0.5145623449485424,0.2973258282598276,-0.8077941650112008,-0.6803827569131855,0.0656281841424929,-0.6597578126151887,-0.5769171220255369,0.7854906796750168,-1.3645188650748736,-1.3046670316106563,-1.111546002369898,-1.1138879338057988
R081,P05,recursion / function call,-0.0955374860370634,-0.4359235572203656,-0.0933929128615857,-0.3588226547476003,0.4111358813335634,0.1619534350019135,-0.4409597509538914,-0.4890531623089224,0.4335470784197775,-0.7048964395320074,0.4144490264684443,-0.065030438250813,-0.4500029513940815,-1.000099497944697,0.0953560983111238,-0.0996096370361539,0.1913868386206088,-0.1097927438108752
R082,P09,recursion / function call,0.117049856837367,0.0352884841425922,-0.9342511842566362,-0.7436642352301183,0.3161895768986169,-0.5465066392302914,0.7350301508502762,-0.1649594623242403,-1.212045259359373,-0.5567450585252133,0.0259127337938395,0.4054620637757956,0.3290118130966026,-1.2830537031206066,1.7472185160587606,0.122038942391479,-0.6458287097536599,0.6845531675716303
R083,P13,recursion / function call,2.7168890346199457,3.181791170867491,-0.1248830595657116,-0.0394007621479391,0.2492726436086383,-0.3810744272334023,-0.8273824241215564,0.5404928911475703,-1.3530951631609065,-0.0022996031151164,0.2681038633539673,0.3140687770508145,-0.0731978223320959,0.705072120093139,0.6764020709135927,2.83269260927601,-0.4503308615003958,0.5302512747144899
R084,P15,recursion / function call,0.2719137019552595,-0.3225901827995394,-0.3869390434053804,-0.3356453632174311,-0.9331237979161056,-0.4330287164642366,-0.6246849293872297,-1.3328082568728128,-0.030316988259173,-0.4906338799544722,0.5561490158095944,-0.1350300169667617,-0.178553445717888,-0.3612186220682555,-0.4706051867554073,0.2835036411405334,-0.5117273188744098,-0.2279750292075657
R085,P15,recursion / function call,-0.7718225757113607,-0.844482796369528,0.6510927548618229,0.2883375316539225,-0.5930902452569216,-0.1498963990572132,-0.6283182702888976,-0.1191017952678613,-0.1449364835686406,-0.1503245716436951,-0.7665297624319917,-1.0372885646632517,-0.8970083222360506,0.5442349649794802,-2.1950113599140675,-0.8047204276768641,-0.1771385579801643,-1.7512838710817151
R086,P15,recursion / function call,-0.7126600285554541,-0.3660555173301796,-1.4568374254035907,-0.6211976081781573,0.1639933603746808,-0.0966935442407196,-0.9397212235583332,0.6520322625594202,0.1671236150813174,0.1007032551966637,-0.8034992844684075,-0.4138420177452679,-0.2549820004676797,-0.2037854446268307,-0.5387300239640601,-0.7430361601418363,-0.1142666208162528,-0.698701282886008
R087,P15,recursion / function call,-0.9826459362403158,-0.8271341290671488,0.0464737511027581,-0.3181740822195275,-0.891864672979042,-0.5822367180944639,-1.724921093472764,0.3053689589418478,-0.5366713990848223,0.3562700528242756,-0.6239614829960325,-0.4234836132759174,-1.0711328994860636,1.4326687235825697,-1.002759409655995,-1.0245298374920289,-0.6880523701372647,-0.7149794636348737
R088,P20,recursion / function call,2.548420718920264,2.596112711261234,0.0759888230348577,1.318178906341373,1.6268295273610602,1.1830873676833005,0.0602591983974924,0.5333416078549621,0.6042536693474684,-0.0777566942871615,1.1265401198146037,0.8453441451761533,0.3290297217490958,-0.2018707089337657,1.4872490100010178,2.657043568517,1.3981015661088594,1.42721863268682
R089,P20,recursion / function call,0.1295341546854638,-0.0432627937618495,-0.3278561283818154,0.8230772149557792,0.8205056133286884,0.6272895659794013,-0.6146653572872636,0.5747095184095293,0.2382858696537365,-0.485815854212642,0.2332080442417119,0.0088552377087489,0.2235880389081045,-0.8794716395317476,0.2791735230971771,0.1350553658801369,0.7412931187972205,0.014950550408278
R090,P20,recursion / function call,2.281612779345067,1.3361643382706272,-0.0630433325419321,-0.105744132093465,0.0350959063461151,0.1803345191045537,-1.0847223770897116,-0.9176429043471108,0.6116517830610112,0.2398915518672924,0.3042823358686572,0.2680142467631182,-0.4612783783561559,1.1339711817555322,0.2598688525534048,2.3788633156983403,0.2131084993978703,0.4524960975818171
R091,P23,recursion / function call,-1.008874973181176,-0.8411889373641156,0.3245393069846569,-0.4044146343532911,-0.6038248121021953,-0.3659022778585461,-0.6662700072803274,-0.513682738987303,-0.0894673871201518,0.0709447415853892,-0.5826500272323824,-0.3462077193715017,-0.5292201843419931,-0.2053978359719162,-0.5269178724675121,-1.0518768502496536,-0.4324013269777161,-0.5845123677576916
R092,P24,recursion / function call,0.0565770221223699,-0.3327229864273322,0.7979136208514105,-1.0111802454479644,-0.7986020532112419,-1.0940075136681289,-0.7705128986166763,-1.3989520749263034,-1.4722402423451806,-0.6332511483925863,0.2449569605835151,-0.0247408655943692,-0.4833364599827413,-0.4744002966823436,0.3140715910259635,0.0589885381326593,-1.2928323469376353,-0.0417707090852621
R093,P25,recursion / function call,0.3321418374885359,0.5489901088414366,1.300405410329032,-0.2433458212347255,0.7457634704587137,0.3397410347219683,-0.070183735012602,-0.308952384838428,0.5168054549419167,0.5466206493098953,-0.3653558524952044,-0.1020170875094723,-0.3494557917870463,0.8167645415436469,-0.4873160593431078,0.3462989162591036,0.4014855417198391,-0.1722383587522439
R094,P25,recursion / function call,-0.910485667516595,-1.3392902213632587,-0.7393311362362514,-0.5562016712768583,0.24197434788307,0.0963483747389429,-1.372416385930257,-1.4711580397506865,0.6032724476106169,-0.6588843385946798,-0.2385224855131143,-0.2485022455254524,-0.473779898331045,-0.4892926680082054,0.151900087531437,-0.9492938387845408,0.1138587202383335,-0.4195534293367977
R095,P27,recursion / function call,1.583490903109575,0.4751617618945151,1.227498819816917,0.2051306167197879,0.5962844979540403,0.4810866227293354,-0.9898349075625856,0.1881137254705353,0.641844753514178,1.779817888064278,-1.761767663009172,-0.0121632674535389,-0.6309174205846064,1.9381569014017488,-0.0545400274157227,1.6509849761757942,0.5685192649711021,-0.0205355913838205
R096,P27,recursion / function call,-0.0453646141612799,-0.9586638167326046,0.959064767579468,-1.0501024901838636,-0.682360194632664,-0.6511150383862795,-0.6319002064698398,-0.5445113476347144,-0.2208824303423108,1.6033100711977024,-1.537726648619772,0.7643145937651304,0.7008656611132602,-1.939805249738411,2.2273603587174606,-0.0472982170489312,-0.7694486305499726,1.2904141297728409
R097,P28,recursion / function call,-0.5428297888796444,-1.185772748601154,-0.8566421519262544,-1.3324423198943145,-2.4841761395197377,-1.9027962119959827,-0.7245542107908276,-1.147389044223334,-1.891770176573896,-0.5181584047887218,0.1713480686520389,-0.0544416526849525,-0.8576003041774503,1.2545990830420684,0.1834853780818252,-0.565967145312331,-2.248610235089352,-0.0919153951081498
R098,P29,recursion / function call,-0.5022820948082577,-0.2671020199233827,0.1261109124757171,-0.1214649494454807,-0.0686363837552165,-0.4571069192011281,-0.1087398573112325,0.5997220174699797,-1.181219424402687,-0.7442338459812745,-0.3288862046605263,-0.3370302664365232,-0.5688953410391927,-0.2800554794439148,0.062029251332231,-0.523691162798651,-0.5401814921460375,-0.569017812192185
R099,P32,recursion / function call,-0.3889341616213101,-0.0798543478971694,-1.399477743042781,-1.5492098433416532,-0.8103747876262345,-1.0854591715541202,-0.5128247100085395,-0.6314814008701464,-0.8967928836944731,-0.4397550974805121,-0.4404852094616579,-0.3534231280514876,-0.4448862554134212,-1.168382816352456,-0.1800290772122926,-0.4055119333476065,-1.282730429848762,-0.5966943480426325
R100,P02,variable update,-0.5278429462218931,0.0302337263096689,-0.2756794120494421,1.9384073714008072,2.3317926129569475,1.9577334123362,1.7123063184647591,2.3955603383078943,1.603000252650847,0.5479027282999593,-0.3948879607216355,0.304880836779371,-0.317919762032108,-0.3064148751362125,0.7616277427597893,-0.5503415095605444,2.3135317175862005,0.514739013079691
R101,P02,variable update,-0.171379854480004,0.5794813748379847,-0.3605307767421064,-0.1527899677058993,-0.4910121233319636,-0.3382385204927247,-0.4653868718348685,0.5771032624161229,-0.3709134704403112,-0.4187541573369512,-0.4729279160708261,-0.0898726185567957,-0.2327124950521647,0.5049191892333779,0.6220642177373901,-0.1786846797856855,-0.3997099606812891,-0.1517345054136314
R102,P02,variable update,-0.5704920324560666,-0.830863827123363,0.4598999756768936,-0.9465846578782388,-0.5935836626101088,-0.8996210611693104,-0.8810448765931539,-0.8826257249832752,-1.1586948630195837,0.4237007007010415,-0.7747753851918568,0.1177327287023857,-0.3838325142215134,0.4667948480801219,0.7042728705979727,-0.5948084531230069,-1.0631181169555146,0.1987715240472792
R103,P02,variable update,-0.4517722172004793,-0.5315742898626152,0.1990247450599776,-0.1983659689267184,-0.5478792063320578,-0.478286152701828,-0.2846156959459803,-1.740295048254059,-0.6886132828467076,-0.6564089473857411,0.1914285978406333,-0.0288193211881191,0.141782353811457,-1.6234924622854046,0.3785223859807501,-0.471028372683999,-0.5652098377569765,-0.048656481997042
R104,P03,variable update,-0.1207444647437834,0.0289016128327372,-0.3607376465507594,1.0813710176913134,0.2935884435365616,0.4001899615664744,2.972543043166104,0.164497285232052,-0.1743895765284518,-0.0480494086065787,1.9525655765938856,0.8977803029916015,3.502953430035639,-1.2574661232353226,0.7888247409874974,-0.1258910277646096,0.4729204514310273,1.515748093602551
R105,P04,variable update,2.521978816807419,2.863604032205889,-0.4899755823278262,0.3129153153316048,0.8416932880798333,-0.0805442310539062,1.6838185043118767,0.9708804948886152,-1.396241296573157,-0.1955442594159319,1.7740940573860022,1.2297443134777566,3.339309638350673,-0.7710554646882309,2.1106831424631998,2.629474617508762,-0.0951823328128411,2.076212401365108
R106,P04,variable update,1.558448480470223,1.535881409055866,-0.1922372126173923,-0.6212874514065488,0.5178668269750341,0.0159005696051304,0.7098517790093748,-0.9701906486538352,0.1511223332469062,-0.6229079212178626,1.474445979120852,0.3976159537260529,1.3953107970434375,-0.2927139197625092,0.3413098032751695,1.624875155485682,0.0187903377841718,0.6713063561741602
R107,P04,variable update,1.232103525990617,0.5328981135828039,-0.7605552682594366,0.1772706936355224,0.365557457891735,0.519245800640312,1.9099539398746288,-2.5113010762759176,1.0149092503936783,-0.3332648556345853,2.4875689927304823,1.2312029151427408,3.302367808801736,-1.3117746546334763,1.5393046083323252,1.284620206222283,0.6136134886574158,2.078675000160892
R108,P04,variable update,-0.127503804500503,-1.137394274630947,0.5088011629611628,-0.1210288074658866,-0.8115565500727394,-0.4837458216410841,0.1346586024883319,-0.8810436678972239,-0.5186521073846262,0.2592912931566726,1.592741889825574,0.8981325175672351,1.4511013797689265,-0.6990617413569522,0.8423643697194587,-0.1329384748735871,-0.5716617464688049,1.516342747517074
R109,P06,variable update,1.8343454357641655,2.064997064186511,-0.0584248198139133,3.29921790184386,2.425744834964102,2.15498726975232,1.605742317325803,2.8370347414398087,0.7399990724489969,0.2625655728887799,-0.5537804973931751,-0.1128665608175895,-0.0748355318813963,0.2612807411628831,-0.0473847579483733,1.912531830537275,2.5466344744134664,-0.1905558340060134
R110,P06,variable update,0.8357640580655584,1.0064389598369528,-1.2424156900958538,-0.4116500216770418,0.5599943975825643,0.2592175590206753,0.4528280811764403,-0.4918595775764754,0.6293083011565033,1.732026631369951,-0.4514092346297969,0.6899908986573831,-0.0037039742618942,0.9418600848845744,0.7893552992319949,0.8713873258029502,0.3063277363356446,1.1649313153318572
R111,P06,variable update,1.1409514224552122,1.1392728710271594,0.0570794090203675,0.0849980093155724,0.3533544962474193,0.3338327515540603,-0.5217970038664614,-0.2363870594924938,0.5631457490991891,1.810668221533316,-0.4084503402942985,0.4650943243000124,-0.670084396843087,1.5628702154568928,-0.0069349083389798,1.189582872450268,0.3945034876672781,0.7852320139504173
R112,P07,variable update,-0.5430845059678693,-0.1259119345191876,-0.7544029490213428,1.1102671089458709,1.0769229955940012,0.6616331610678483,1.4202685623044518,1.569899537042986,-0.2022906213363271,0.9043989226844228,0.4062696774509785,0.7831905833947909,1.908882855179703,-1.4823130496474206,1.0389031500489707,-0.5662327193582625,0.7818783159606303,1.3222830014786249
R113,P07,variable update,-0.035302099129684,0.0599944347917711,0.1370853915317728,0.0152197687067819,0.0659082240171057,-0.1751477219714429,-0.6906752366834352,-0.188884184812926,-0.6065711586382163,-0.2447974169621483,0.4735159372861205,0.3524980343225317,0.0426692102506477,-0.11698446136151,0.828775582643623,-0.0368068014638564,-0.2069790541912231,0.5951324859128961
R114,P08,variable update,1.0502761655630228,1.3926390538877826,1.0768082754047574,-0.4585315296086703,0.5057918019091266,-0.3433582203532981,0.2287050166786985,0.2565503682922248,-1.0773349333603506,-0.6845627441574211,-0.4589137608366311,-0.0457785526497293,-0.1725076654174986,-1.0283949650640107,1.0061408470448645,1.0950427102391016,-0.4057601143627466,-0.077289236214574
R115,P08,variable update,-0.909196871423818,-1.3873488554565665,3.028832702481912,-1.1591730375656215,-0.4940184856115283,-0.7722037478749376,-1.1045494716290596,0.4396617655938787,-0.6634197204476627,-1.019721788121282,-0.6873215109183772,-0.9169509234985443,-1.092811585623577,0.7479620709970314,-1.0438094714559738,-0.9479501095705928,-0.9125439918889264,-1.5481143990224258
R116,P10,variable update,0.0793754643894345,0.4134126395724797,0.885097871278705,-0.9757443106064668,0.7826598931064058,0.1042419370122573,-0.4855033769845551,-0.9890455649785506,0.5058102285368331,-0.5447910671114813,0.0253625728998412,0.0144347798237413,-0.2062116213564394,-0.367175522878434,0.562732833682864,0.0827587319425636,0.1231868578534863,0.0243706505104896
R117,P10,variable update,0.7710340390228799,0.8649247609064584,0.2498420604462073,0.0663631562378818,0.1577010891786719,0.3622133621208989,-0.367652573978576,-0.623569003192613,0.8625758409461427,-0.0361920199950172,-1.4992681246183834,-0.8535012412250248,-0.7998185736024394,1.3126790728529678,-1.0250435790616734,0.8038982807208641,0.4280419880050185,-1.4409904906171034
R118,P10,variable update,0.0478916766364769,0.0572083125050089,1.920445865108175,-0.0571690884243189,0.3830913526604322,0.2343941261250849,-0.811007083266623,-0.76583941973366,0.3772601141391416,-1.0694859677177833,-0.2758208866841635,-0.7504412102681809,-0.9395769067417736,0.1912867968779697,-0.9060167764025958,0.0499329920086199,0.276992894839126,-1.2669913006940012
R119,P10,variable update,-0.2312760422832529,0.374394147008755,0.0143338529390711,-1.3691662127671884,-2.353018720282408,-1.2995595864855396,-1.411865517911044,-1.072388161607007,-0.1764938264070227,-0.8419794789870209,-0.9485913933182076,-1.0471529247568745,-1.0661182249853438,1.0696363253022758,-1.350887901965394,-0.2411338583690152,-1.535741436133382,-1.7679381515963295
R120,P10,variable update,0.2951850187190236,-0.3941765643859785,0.1136338055256088,1.2585009176256523,0.6315966639896887,1.2386022640274543,-1.0263047782482126,0.9999075924488732,1.8257092104670216,-0.6411586909886757,-0.918509912426166,-1.0235060982283173,-1.0791688645448536,1.6566919009236238,-1.5108496912701104,0.3077668650576106,1.4637057350326792,-1.7280145398719746
R121,P10,variable update,-0.2007398315068499,-0.2079966682768708,0.9097200265318244,0.4476611262873318,0.5410381442538486,0.6843466703867701,-0.991878307960972,0.2931056635456788,1.06434074061913,0.0557542657084689,-0.4868391881074685,-0.5828875907660831,-1.1004058146816602,2.103461754491865,-1.3175778498992496,-0.2092960845477846,0.8087197765475997,-0.9841057456308852
R122,P10,variable update,-0.7259816371051562,-0.9674112344927912,-1.126794704090396,-1.367957937644422,-1.742235881009476,-0.9121660405118976,-1.298066607127848,-0.4167500361702713,0.3736956971182056,-1.251365230896213,-1.1531421550769407,-1.367431282749469,-1.0681173955453154,0.9695598235230506,-1.6977864622752528,-0.7569255835233429,-1.0779430197858264,-2.3086732389353664
R123,P10,variable update,-1.0538050694786498,-0.8815397069767834,0.6305205136914156,0.9641017802961896,0.7153911599540607,1.1783939989054222,-0.2594813318721932,-0.3593818029805858,1.8556890564660165,-0.6310214280859334,-1.0887976473248264,-1.164614659727359,-1.1105561790416736,1.8577383937475056,-1.7740249037713167,-1.0987220287218458,1.3925552248851107,-1.966252149196281
R124,P10,variable update,-0.8359917923107595,-1.0073646647545849,1.5709360063787277,0.3446115583032413,1.3741520436388808,1.2110687138182603,-0.7118012370274549,0.2597709468892333,1.9144425395126583,-0.911965255408904,-0.8309123932254381,-1.498449383758634,-1.138945630306453,1.4109685401792622,-2.75247050264156,-0.8716247669001168,1.431168239730544,-2.529874835996831
R125,P10,variable update,-1.210808331154494,-1.0198390056903663,0.7765751692643148,0.5066290640396506,-1.3711849517687944,0.0848624706581706,-0.4122837028793228,1.028582819602766,1.1191432997036557,-1.2140479273971254,-1.361144433821773,-1.7068660939002374,-1.3148852038877945,1.455645452837398,-2.5454059204818127,-1.262417333651222,0.1002853689186003,-2.8817507125552475
R126,P10,variable update,-0.998142743939648,-0.9704932407894146,-0.4905738280797852,0.7390279424136365,0.3688937618506201,0.9992987106067448,-0.6088996375329211,0.6395445244364434,1.8899744275559776,-0.7623953336530663,-1.2112456806472658,-1.368391341876583,-1.1356803801587936,1.2545990830420684,-2.1315330113294166,-1.0406871748281894,1.180911173995265,-2.31029413414416
R127,P10,variable update,-0.9330160958169736,-0.4449114738271497,0.8070809959925802,-1.44691392726362,-2.6570297770050866,-1.3960420445221,-1.3006665901874956,-0.0740546758271118,-0.0841824292975934,-0.2050103815471162,-0.7032866715423142,-1.2733268702659226,-1.2382092347952918,1.7951905885237995,-2.9116835577083378,-0.9727845949093058,-1.649758607956534,-2.149794075128564
R128,P10,variable update,-0.913335437445666,-0.7931593796059755,-0.3399402333386225,0.3152988530237205,-0.7058291571607781,0.3698593468283243,-0.3342889498919415,0.3537476732667551,1.5001083446220305,-0.789968682694977,-1.092088533687493,-1.4506540328604254,-1.09786453734694,1.9158184674415075,-2.4699048821988057,-0.9522650761495388,0.4370775533283373,-2.449180581772697
R129,P11,variable update,1.3512598872898365,1.897120473018048,0.2761387802693114,-0.28377970256855,1.10193127866787,0.2173632635489942,1.742160660044488,0.4882735740401455,-0.1660617854523373,-0.3608536295871182,1.7046943475856502,0.8950630806786002,3.838576618905431,-1.4572939894450283,1.341348524037269,1.4088554398661686,0.2568668447347764,1.511160529666138
R130,P11,variable update,0.4450711376571513,0.3003155535828426,1.0492975185879223,-0.0357892457392515,1.0376531511589997,1.124829354929774,1.553057979853415,-0.403294291010355,2.3726241593695745,-0.2248498852921358,0.3868598686883236,-0.4200783181820482,-0.0499524026946218,1.4020330771198577,-1.4222449379423323,0.4640416690480843,1.329255747030772,-0.709230206796105
R131,P11,variable update,0.0311211088596487,0.2773386604061186,-0.3826160662035857,0.4485344564760474,0.5609328592650308,1.0314695113849983,-0.248659375003757,-0.2501491105487076,2.0849412184139173,-0.4658477870389769,0.1563046203912736,-0.6335278867746604,-0.3103025624437293,0.907607771013082,-1.591040493676278,0.0324476023628006,1.2189286933937922,-1.069603201833361
R132,P11,variable update,0.3309559441983943,0.1561232447312278,-1.0497463209010494,0.662311270748753,0.6654360788848757,0.6009434175550069,-0.5658573224279118,0.2381927264115589,0.475082903031392,-0.8936714580924385,0.1138593537174006,-0.7287188398696491,-0.403942262510283,0.093890930661242,-1.4063444152339095,0.3450624759350533,0.7101588235801131,-1.2303168031466754
R133,P11,variable update,0.7835876790913193,0.7274586348128135,-0.0634756436347296,0.3476837762186255,0.2152943371095347,0.5329259406563182,0.3473705905324947,-0.0210765622540161,1.035799708640794,-0.0335664266331316,0.907213698816728,0.1434402181183487,0.7653306239773294,0.3878655078422863,-0.4433266178285502,0.8169870020444988,0.6297798561661986,0.2421742117022768
R134,P11,variable update,0.2747122612292682,-0.3111683728849795,0.2136718496200534,-0.5707165770730589,0.3281208058575872,0.7115439930000824,-0.0300933039495865,0.1587465786495528,2.377227750215719,-0.2886026652653515,-0.0723148115519539,-0.6475519931083413,-0.3994432851040466,1.428839294803729,-1.5817385025077186,0.2864214850683088,0.840859938278934,-1.0932805005766315
R135,P11,variable update,-0.4928449150231623,-1.1930972722555475,1.2232430825380392,-0.1212169997895159,0.027737293277518,0.2302554414295489,-0.7089132310587133,0.0116575041767562,0.7842460308006448,-1.257784359256306,-0.2120867173100014,-1.043869259178012,-0.7017216867517445,0.4906225557086982,-1.6617367009677282,-0.5138517364956228,0.2721020459360646,-1.762394245337077
R136,P13,variable update,4.312363325565842,4.460204050478738,0.2056980972157696,-1.427710262933977,-0.4816352381042484,-0.6449114364058371,1.575601040841694,-2.1749356773486297,-0.0253888081792858,-0.8235720076462023,0.3652422616131078,-0.1784893266780118,0.256604965456253,-0.6084312247917822,-0.0771382340009411,4.496171748343806,-0.7621175864687935,-0.3013486214155988
R137,P13,variable update,1.8480734160995291,2.57344706445688,-0.5100230527216632,0.5569322666542466,-0.2638574365099812,-0.0425053124667829,1.1587392315193787,0.9761741962507186,-0.4205907675446141,0.3716165400416428,0.0578072256824337,0.0398089646810022,-0.0323998969935523,-0.3105846557462879,-0.3099968716810699,1.9268449467303732,-0.0502302243697554,0.0672106105719343
R138,P13,variable update,3.0078952005931465,2.242422044588435,-0.4157787369735755,-0.4974537645426524,-0.0947262422549788,0.0144889295937566,2.111502656895553,-1.5219574857457656,0.6356467955789011,-0.1088968431173405,0.3885175891300361,0.0337988657970609,-0.0543503739018933,-0.2548447861611709,-0.1782241486215127,3.136102503865741,0.0171221464361833,0.0570635891956121
R139,P13,variable update,0.7022683564949258,-0.4082958205892246,0.6837692608701834,-0.1462810275696638,0.5533701199887725,0.4564174444702756,0.5351323106843775,0.2089742635291561,0.962163240991718,4.620821791524008,-1.611718491460693,1.416769529337924,-0.2679884502859265,1.3948847156198645,1.2412052879504565,0.7322015576723261,0.5393667123357477,2.391972407962519
R140,P15,variable update,1.860654339227202,1.5430768933181238,1.1574698647992856,0.9650714580140872,0.6201488181451266,0.1998572011526906,0.4107496670295678,0.6455116695976842,-0.985648672701142,-0.6593055836183519,0.0439374258087712,-0.0323588166877559,0.0408559289209657,-1.255609340599139,0.5182917077463128,1.9399621140152763,0.2361792320349649,-0.0546323132087671
R141,P15,variable update,1.7991140234094891,1.189141609119281,0.1990154652520892,0.0420461717475126,0.563347501823226,0.3372177006196514,0.3592086648181017,-1.56900621138542,0.4062594282882155,-0.1341317640673927,0.4911394773535981,0.3938062441722356,1.099481976667462,-0.6480023039562081,0.8244110192305015,1.875798728772812,0.3985036170905758,0.6648743148672437
R142,P15,variable update,0.8186998686822754,1.1206387364367714,0.3738511334041709,-1.2981058391035274,0.5883131038300565,-0.007829055217187,1.7837839603580687,-1.3033650389316471,0.6863055696219096,-0.2513220121299983,1.8232826391886992,1.0520331124957505,3.237110822666432,-1.228547826953221,1.5841387104285505,0.8535957993425868,-0.0092519070520851,1.7761775117571372
R143,P15,variable update,-0.485811679878422,-0.9368563205414732,-0.7291118610262111,-0.8770076118130686,-0.980770151780216,-0.972903042404603,0.139022913003456,-0.952731879567176,-1.0609313636205244,0.2950506364453801,1.1143908084748295,0.6858517844268217,1.1571157005826824,0.4191393657164849,0.6481139083602556,-0.5065187195928573,-1.1497183592801783,1.1579431307133368
R144,P17,variable update,0.418314280025323,0.9992553374615304,-0.909123633447315,1.313058354524974,2.3201921812718003,1.4864114256568588,1.6875929657345934,1.934055896385294,0.8259837411738026,0.6473364565393988,0.1676500857861588,0.5256250863653613,0.8730659645481719,-1.2356961213467337,0.7618887167705265,0.4361443379847519,1.7565517127973054,0.8874278261097317
R145,P17,variable update,0.7083508819525618,1.2389580114053649,0.2714089452282444,-1.158787209135995,0.2012802535157405,-0.1842107528068747,1.157611314542251,-0.0161490478621137,0.4048746971996302,-0.6602300138953097,0.2195865936847106,0.1587617929033972,0.7488601315122709,-1.1228548544859518,0.9169287989207908,0.7385433422244467,-0.2176891994863439,0.2680420634406585
R146,P17,variable update,0.9095207491170244,1.2325534470975046,0.3178029872090804,-0.5922455726678181,-0.546076487355763,-0.6978215034299687,-0.7372701746922449,-0.8989165357545139,-0.9551424502663252,-0.4700693608400891,0.3487771835778611,0.3081549745333501,-0.0646208529419693,-0.0735839128081709,1.0457571008622784,0.9482877920950408,-0.8246435246116518,0.5202668332404241
R147,P17,variable update,0.7473157857997298,0.4228763891915915,0.5173189409453421,0.5630274110247065,0.419025829306998,0.8230966794394865,-0.4338567021977986,1.0258803343300966,1.487236797986755,-0.7110504239617678,-0.2023956482136188,-0.5370298606898426,-0.7677346294718811,0.5829550700308849,-0.6976435098941414,0.7791690703062942,0.9726862005438952,-0.9066828319086936
R148,P17,variable update,1.2691297237268797,0.499998954833091,-0.8110605276556422,-1.1634968476826668,0.0031865856139258,-0.0286409273043535,-0.2116525924696363,-1.519501704612882,1.07438748015568,0.0215174251261625,0.421303238450098,0.3614587773892529,-0.187487396399873,2.072187840695599,0.6415556685914984,1.3232245935714242,-0.0338461270171771,0.6102611640264457
R149,P20,variable update,1.0929859125411896,1.235194157197323,0.5258118364197136,2.034230177315934,0.8938832941628103,0.8976403956361759,0.6210764260641533,2.2050534192772773,-0.2351922845702164,-0.6484743273776791,0.425736342816318,0.4332561644384134,0.3946872200878693,-1.1624259136782094,1.5225064778766015,1.13957290012447,1.0607774854354302,0.7314787405123351
R150,P20,variable update,1.1566931301281882,1.2501678701029777,-0.5009331902890383,0.2891199745597514,1.1591568481645689,0.8457594490622459,0.4777495581502672,-0.0792749217180985,1.0890015244624174,-0.4976261736756305,1.239062296452582,0.6064127245004721,1.6331671167866797,-1.7233702679825798,1.0778020507244646,1.2059955482770743,0.9994677000066008,1.0238238999397145
R151,P20,variable update,0.0726668023342931,-0.4332997319668327,-0.7248002717549532,-1.871276253168539,-1.6189508358316154,-1.0635380536158616,-0.8896389565617232,-1.9433613856111829,0.2996129281525697,-1.254465363452063,0.0124292114081197,-0.8277995942395329,-0.8894266160527395,-0.3254770258294364,-1.241362630674655,0.0757641226009318,-1.2568253697851504,-1.397597666904118
R152,P21,variable update,0.6074997383910415,0.9978496055288464,0.1450198100611588,0.6980740304753805,1.2650485525136037,0.3722338920931116,1.67657296843397,0.3721738648304225,-0.8464209067096493,-0.4291020209099661,0.3149676743769046,0.4530085156612161,0.8080652166071901,-0.09553950827839,1.4731598935167098,0.6333935604838337,0.4398836482492868,0.764827198492941
R153,P21,variable update,-0.2844249224000284,-1.2615968308310772,1.1038324692688777,-0.9745412031572124,-0.992699661852738,-0.7626526151282426,0.0156966656719198,-2.166760847822645,-0.3207169803747772,-0.8643690685371042,0.2283629394656644,-0.1261252112754396,-0.1993004783959501,0.3208500475157053,0.2576304952451207,-0.2965481347636884,-0.9012570370823542,-0.2129407917604463
R154,P22,variable update,2.004312333479818,2.175227804242971,0.12729853327435,0.6567428376720594,1.6646667340205163,1.892407373934752,0.921982815889156,0.5270898456243163,3.35581255011168,3.1603024411969325,-1.9794521702590773,0.4597533667528664,-0.7544762382446146,1.084826504014453,0.198409829320744,2.089743328263405,2.236333330475029,0.7762147229794273
R155,P23,variable update,-1.1092615461444228,-0.7899822514077303,1.7314363113957632,-1.2292392522890525,-1.3353471625205269,-1.093314748857334,-1.0074290092718148,-0.3557063747373528,-0.7153578317624225,-0.9016553133342164,-0.1197694438996218,-0.5816960385785218,-0.7998325518746876,0.3195735250981953,-0.7236633585017272,-1.156542259723513,-1.292013679108552,-0.9820940140850876
R156,P23,variable update,-0.9321671590872326,-0.558427403057899,-0.7905791690502699,0.0044485102819298,-1.097690535628313,-0.7096780239131398,-0.73389004052739,0.600702053029695,-1.0357920463930363,-0.9264648227330764,-0.966924064931665,-1.5632476438570242,-0.8853324780345196,0.4012686217438378,-2.796354043906331,-0.9718994734452204,-0.8386548481274994,-2.6392755868103803
R157,P23,variable update,-0.9102874318157942,-0.795450358554874,-2.5968696925329646,-0.8682076672231801,-2.160823059365744,-1.2705684128982584,-0.9198728716033326,-0.2090646839828978,-0.7826745121058516,-0.6271432596382295,-0.9262155138403806,-1.492789618201485,-0.9204767598806488,0.6106121840694735,-2.925010081125845,-0.949087153565749,-1.5014814091033566,-2.520319292368953
R158,P23,variable update,-1.167153780232404,-1.015400420955574,1.5041818341782405,-0.6437666475849907,-1.8117520718336528,-1.1503462852864643,-1.0663600959838735,0.4591933541465583,-0.9955201364407504,0.0119713129840746,-0.6581177810513237,-1.0861494900548565,-0.9168577432285316,0.7101779927322951,-2.61230200209732,-1.2169020688823884,-1.359410122158484,-1.833777165117232
R159,P25,variable update,0.3975369698342805,0.6132511423941784,0.1409985203289938,1.276360125305171,0.2142706161083653,0.3261507991552207,0.2941239478660655,0.9136882499460433,-0.5121783439478741,-0.4738774017956639,0.2010921077200294,0.1364045697679394,0.1490982511496855,-1.7759897970733216,0.6819990033794527,0.4144814241635275,0.3854254178873409,0.230295725909199
R160,P25,variable update,0.1144346026494346,0.3743288865740762,-0.1788943816207638,0.0033681738644147,1.0838522833275768,0.2551962723912493,0.2921615775754825,-0.3683809815140706,-0.3216316400182435,2.407999532665085,-0.3076836381091408,1.173899840418428,0.5715208704337504,0.9150539110063224,1.4213836266993398,0.1193122166713133,0.3015756214133271,1.981928584605198
R161,P25,variable update,-0.5952869177751975,-0.5343952084625139,-0.7984253342739386,-0.7847642707509164,-0.7702620662217883,-0.752116306768586,-0.8990379072426281,-0.4772789314687802,-0.7013225833330533,-0.447328030109786,-0.0223539864899956,0.0367906934832994,-0.112939317416845,-0.0378423769296794,0.58005409704968,-0.6206601855627064,-0.8888058609300068,0.0621147772164366
R162,P25,variable update,-1.0448681072171346,-1.1868496965915174,-0.329184014809356,-1.3833675903776423,-1.6273848217390423,-1.225173576304331,-1.7473338300168637,-0.6429530472929049,-0.6647683167963078,-0.4226422010535792,-2.918481658147016,-0.826458324478594,-0.530180478222758,-1.8995959679502556,0.861748885764813,-1.0894041410109423,-1.447836518735281,-1.3953331629086805
R163,P27,variable update,1.5895011254004623,1.220796141952181,-0.4007471054137736,0.1853470464344488,0.82724185177639,0.5507669082285315,1.5828313096869011,-1.0957806894306965,0.6397118264747558,0.37584662096507,0.9181872189410348,0.6485496207770294,1.8970175725687883,-1.781946746349291,0.6516150224249833,1.6572513757403553,0.6508632396803449,1.094964823825764
R164,P28,variable update,1.0657674632265184,1.1796762691340623,-0.5196880409403623,-0.3494940266296441,-0.3890188933389872,-0.7670334424688846,-0.5998575476341502,0.9765383523370058,-1.5625874074380222,-0.2109941502449261,1.043505392009097,0.7881699105377509,1.510624139663053,-1.2227398363604427,1.531998489849082,1.111194302681896,-0.9064340356144218,1.330689741523172
R165,P29,variable update,-0.4713630274230032,-0.6158896524236007,-0.0438674972086184,1.832507137530866,0.4203487110252371,0.9823873699976332,-0.05243123310555,1.258935667701662,0.6943062614367969,3.980942463973388,-2.135556604478589,0.7530636535382058,-0.6617383659429853,1.477090403124415,0.4138051011198193,-0.4914542136439833,1.160926367770093,1.2714188464687062
R166,P29,variable update,-0.5114373880644459,-0.1981697396628817,1.1091784513075025,-0.4563591519833986,0.1631832792575519,-0.4033853090042882,0.4943724126225627,0.1431824230785331,-0.916980054287018,0.7185701047382336,-0.6356140814929254,0.347904289643371,-0.3372514349226462,0.7837035653334151,0.9607568456848048,-0.5332366875558617,-0.4766965210427055,0.5873767357402395
R167,P29,variable update,-0.9816716999227952,-0.7148552840758109,-1.0268450000642075,-0.6923254814615534,-0.1150795311012587,-0.6045158843688615,-0.3180941259041907,0.8861429397114032,-1.0061426405437726,-1.1130665555931858,-0.1735060768692117,-0.1209099607512288,-0.082558774796716,-1.5287770638649665,0.9238427502087112,-1.023514075721429,-0.714380550211429,-0.2041357355419138
R168,P29,variable update,-1.188521564467856,-0.9197248815928232,-3.419873829351133,0.1902445293760482,-1.3136756752721503,-0.46759931373262,-0.4046487839799521,0.4880171683515934,-0.2793667953017578,-0.1726903214608447,-0.4502998884087295,-0.3448895765706106,-0.9218328406026148,0.2463884332153673,-0.4116785198422578,-1.2391806248738504,-0.5525807735747931,-0.5822869096685702
R169,P29,variable update,-1.3109402420635994,-1.4522680966020418,0.8023141440835508,-0.2847603449227536,-0.6908379695576843,-0.4780843712522699,-0.5097483693462479,1.1740155947479969,-0.4586547992763719,0.2242081003400579,0.2142782928416162,0.407750898795337,0.2983741574295461,-0.879471531415747,0.7847663032043368,-1.3668172264589842,-0.5649713845637933,0.6884174730212824
R170,P30,variable update,-0.1677290261061943,0.1776552296223182,-0.1956769938297008,1.1265653895341852,-0.8120292172971212,-0.5641530295815884,-0.0136920844900292,1.3218595975701697,-2.0069952609818293,0.5485202462614727,-0.4014501497249942,0.3645611787496118,-0.130894133719189,0.7300912567223589,0.9466134397123572,-0.1748782399861769,-0.6666821535991705,0.6154990367352635
R171,P30,variable update,0.4349998978263672,-0.5121867021844655,1.0166258986176953,-1.3322938906432655,-1.1117361085807478,-1.3708891435097634,-0.1002094277623596,-1.3323031053319274,-1.6686374313052774,-0.8798535134941815,-0.4547942603287169,-0.3221459655065519,-0.6006084291782927,1.5360640835201915,0.3682098773032428,0.4535411567815246,-1.620034420835518,-0.5438882223760207
R172,P31,variable update,-0.5704693284522776,-0.0218154815053863,-0.8170285368254938,-1.4124741927724254,-1.0371679592358674,-1.5275659519052118,-1.1579198802696646,-0.1240645003959997,-2.1330557037073428,0.6388555729258212,-0.5679946780923821,0.2409038601600401,-0.4557477345128484,0.0652976188742321,0.6518506856466815,-0.5947847813929824,-1.8051856591752136,0.4067248585899231
R173,P32,variable update,-0.8448355378517838,-0.5221481090066704,0.9630209094698776,2.354652109187923,1.1378237020762676,1.3676940113627447,0.5254199852961762,2.0341070859289814,0.6106062228240436,0.2674313619148601,-0.5020979947521259,-0.2625240166862468,-0.8411940765231299,1.288851368952528,-0.5529054172214749,-0.8808454646588979,1.6162586056415658,-0.4432267855410765
R174,P32,variable update,-0.7769953841056041,-0.451208524650975,0.3177646558178189,-0.5816583941753242,-0.6341286965665086,-0.6510802615124018,-0.6723787969967611,0.4131184809454838,-0.7374536937953725,0.688582141351575,-1.7596052325577516,-0.5823315885090077,-0.8976888510307962,0.9588373931171976,-0.6759716743208464,-0.8101137197549941,-0.7694075333299694,-0.9831670311609948
R175,P32,variable update,-0.7205693893085247,-0.2891627607255102,-1.0296927496128303,0.0655983928846701,-0.2617444352083338,0.0559677693815252,-0.6365993303755906,0.4487639657094313,0.3640493504682394,0.0455172434089245,-2.1002932338434404,-0.707066470402173,-0.6380799023496152,-0.4505725629568008,-0.0664234207720029,-0.7512826462749937,0.0661393470688094,-1.19376049016794
R176,P32,variable update,-0.8806097447276731,-0.6457289681366438,0.9676982116981354,-1.4870957030340408,-1.0115295423290076,-1.0369723259531674,-1.019901282147185,-0.5820084266403419,-0.6122917324964539,0.4526780425700021,-0.2699988316255551,-0.149574210111203,-0.8937137704445643,0.8391030873480255,-0.6314018412780562,-0.9181444967977715,-1.225431589017493,-0.25253040534827
R177,P32,variable update,-0.8298160248919798,-0.8847904492112552,1.6572283458571893,-0.4769012474028463,-0.321186230545132,-0.2728248958187377,-0.6077064217640595,0.1813388981315942,-0.0203872095082348,2.957817089975713,-2.051952536786582,0.5714271891414202,-0.6673817721534113,0.4414779674429311,0.80841701423513,-0.865185766079374,-0.3224080693757944,0.9647568226743276
R178,P32,variable update,-1.0196243663006654,-1.1943325756761882,1.737724393306144,-0.7316480202505009,-1.0487893543449285,-0.753206920628419,-1.0816640691034998,-0.6353905026665136,-0.4791833872898277,1.1105478708325722,-1.1737091891486355,-0.2291779425493751,-0.7778660888276426,0.5783520076025549,-0.6243725093320621,-1.0630844211352417,-0.8900946828607476,-0.3869276574206799
R179,P02,array/index access,-0.2783523484043099,-0.2774317978290698,-2.366619360283517,-0.5163813043687782,-0.6216105417945373,-0.5377470836231993,-0.6790146323439575,-1.7450791791029467,-0.4752494047062825,-0.8701372267532368,-0.0367619166761223,-0.2846341229060425,-0.5726949574529899,-0.3875993521630293,0.0529967747112314,-0.290216725840556,-0.6354771932492834,-0.4805559085351222
R180,P03,array/index access,-0.0631488449299326,0.1226408578850511,0.079156688529789,0.1136416156844457,-0.2849098771046041,-0.2653983614213586,0.9742253906950648,0.8811190931548836,-0.6249268228439173,-0.2378654551433998,0.8080336729879836,0.1208181468100215,0.9502231961922832,-0.4565295495141517,-0.207713777414519,-0.0658404756462054,-0.3136318372433619,0.2039807234460986
R181,P03,array/index access,-0.5544735131101993,-0.3582058957038835,1.6199217419935006,1.1159573425747182,-0.0794592767171405,0.3655337897124868,1.3073776869073948,1.898019457940287,0.060103303279883,0.2219296838816027,0.285806264018349,-0.1555509858866388,0.7616261598902093,0.3357423741039109,-0.974388905559868,-0.5781071669150001,0.4319658698270691,-0.2626211663700023
R182,P06,array/index access,0.3636885700666873,0.2177904953280929,0.0413118663177146,-0.896860512626444,-0.1731317013690493,-0.3681583591058592,-0.51642123775219,-1.7631310933941733,-0.0344828633220841,-0.2669405882293716,0.0213853939087355,-0.1238540983384186,0.0061757171048363,-0.1259198433339158,-0.1260071006946197,0.3791902839529029,-0.4350674282406463,-0.2091064070082137
R183,P06,array/index access,-0.4930570924409096,-0.4674756170116312,1.8269019028677456,1.7222223018569056,0.3309976130984966,0.6283296396142793,-0.5439933481061289,0.9045337771119696,-0.1682309961125645,1.0467096210654852,-1.6568832131216629,-0.5765015836510049,-0.7276973712560271,0.7076250544154985,-1.119331158896837,-0.5140729576774411,0.7425222153267852,-0.973324067665622
R184,P06,array/index access,-0.8370803471851257,-0.602257495730629,0.8694842829686321,1.170808807386067,-0.1779206395768768,0.2090742063553712,-0.5649635374876619,0.8110304533457156,-0.3656655487430765,2.94898560493452,-3.590398885343049,0.5292165394369364,-0.1653559175451519,-2.1899963830219926,2.2290628987193384,-0.8727597198952949,0.2470713349858526,0.893491378772185
R185,P06,array/index access,-0.3136537405879155,-0.4547604510636942,-0.4367471588836427,-1.025046656811225,-1.20031711480214,-0.6973618917108921,-0.5662040192883541,-1.656679532172049,0.1332780964806885,0.4473998593422783,-0.0711216308296495,0.1545635016756679,-0.6828072044893205,0.8599523725325472,0.0874122765143751,-0.3270227902257516,-0.8241003830975121,0.2609539686098696
R186,P09,array/index access,0.3052440855671809,0.5761357852513265,0.3928885720007907,-0.5315263511173193,0.2910798631119463,-0.254081573794601,-0.6752513503306304,-0.3368881199642244,-0.5217982333784301,0.4833777781123413,-0.1285514893875095,0.5297800751725118,-0.2227787817327326,-0.96341028417065,1.2345139367927036,0.3182546854852765,-0.3002583375877334,0.89444281222871
R187,P09,array/index access,-0.5000367908094919,-0.322425854879935,0.6895993161165824,-0.2682424613069887,-0.2802102778540871,-0.2901196786222328,-1.566322371680026,-0.8471280246038112,-0.3219062967056228,-1.1206866227579706,-0.4766688555071161,-0.6496200526420436,-0.9927319341204311,0.482963670456283,-0.3515046796610439,-0.5213501558742474,-0.3428460045474188,-1.0967720644761965
R188,P09,array/index access,-0.981862793013026,-1.1925807985832535,0.4426773458660079,0.1548449398443142,-0.511198088696249,-0.0775205418501887,-1.2398225362199318,-0.7116376623304439,0.1237915233013685,1.3659617903563297,-0.9326721508034704,0.1334875239194418,-0.6436443020883479,0.8639236316616989,-0.0328270677945337,-1.023713313885919,-0.0916091185882468,0.225370794198091
R189,P13,array/index access,1.4892748852041908,0.7475220446878563,0.7943945184834215,-0.932203702867498,-0.1435899472150009,-0.0278339000848876,1.175811496811187,-2.470194480127464,0.992291949827836,0.998925518222038,-0.3743681433549828,-0.0078068783031609,-0.3190498814902673,0.2642591691991443,-0.647978009776538,1.5527531329922055,-0.0328924307389071,-0.0131805753206779
R190,P14,array/index access,0.6266770210190392,0.6637976974279788,0.2170467982073232,0.2630669175716191,0.4859471943479655,0.3749275680937321,0.6004081940542325,-0.3006215266498144,0.3757685923616118,-0.4198076923141691,0.1424801808867133,0.1218990633767682,0.4635901453970937,-1.4215523994197703,0.6430247015577604,0.6533882478170707,0.4430668726990854,0.205805665717532
R191,P14,array/index access,0.1819905030396253,0.1941403169603549,-0.272942254679891,0.3909834368919441,0.3321804305679453,0.4064128389127823,-0.596893095428366,-0.0360175610598066,0.4960746492784574,-0.4354090367511242,0.4630130223522867,0.0167593315697934,0.3044056070416624,-0.6516190091789582,0.0226740091082177,0.1897475923196415,0.4802742739814387,0.0282952575282846
R192,P14,array/index access,-0.7653495358606942,-0.9359967331039716,0.1106595280149884,0.7600555093983267,0.0914398483640548,0.3913723256839394,-0.8268453732004905,1.3255070559149975,0.3226216192894368,-0.9189671583760778,0.2001092898562494,-0.5443854447135571,-0.4502226538047235,-0.2030891771020786,-0.9142984656208428,-0.7979714836048449,0.4625002991468471,-0.919101474224778
R193,P14,array/index access,-1.0807795288096278,-1.204441190603096,1.2817398944856504,-0.4976611779002557,-0.8677053059370639,-0.3958635231525026,-1.0393799101041332,0.5077722045823883,0.1777759143798115,0.8006105733752611,-0.9377459365349796,-0.638309242352838,-0.8054874021902221,0.7533232302778913,-1.7777923638987956,-1.126846236450766,-0.4678077264645759,-1.0776757008381943
R194,P18,array/index access,0.1284717553567976,-0.1318193498659111,0.1766946026787441,-0.0036303772279532,0.8135324637330037,0.3328534029779256,-0.0405992448332078,-1.0824442651706851,0.1886581224287266,-0.1360977924087059,0.9468245306142188,0.53413951275645,0.1160826522145768,-1.0261610974350932,0.7916918000638371,0.1339476832740148,0.3933461523635114,0.9018029750491852
R195,P18,array/index access,-0.5352755013549074,-0.5870783373480876,0.4929735438101022,0.5478391528562238,-0.136780370655099,0.2376095426856,-0.1940174640259491,-0.48690176611952,0.3017698458556753,-0.443254446149201,1.086409937640025,0.2097485016588509,-0.1119644363779107,-0.727840723999721,-0.0139099865142709,-0.5580908669045668,0.2807926809341728,0.3541243781646767
R196,P20,array/index access,-0.0985423686459584,0.0621329315994711,-1.7782830896535196,0.3583953242173436,0.0173821074186938,0.2045475418396961,1.0116524313805757,-0.3434011045567837,0.237865193883051,-0.2257782169489144,1.216091150470885,0.6961375959779145,3.04210682187474,-2.22573812993972,1.098099854411773,-0.1027425985408367,0.2417219948428609,1.1753089597449742
R197,P20,array/index access,-0.3259842635739715,-0.2859932482819856,0.4643189850620162,0.6716327074538813,-0.5552814906170694,-0.0127191389517075,0.1071267821234249,0.0350091149593018,-0.1545086336919343,0.1098172658389021,1.1795670929822035,0.3952439158516507,0.7418658355872167,-0.1825106470877176,-0.1036526112661532,-0.3398788844151098,-0.0150307141921057,0.6673015769713894
R198,P20,array/index access,-0.7208804412131539,-0.691303242948465,0.3228851886071711,1.6589503934224037,-0.7446529917520783,0.0053360664819009,-0.6852626990729156,1.4978811342396428,-0.8982892022246225,-0.0498700417042443,0.4536489264477412,-0.2982456061977236,-0.3982413778739365,0.5779908741782651,-1.2985157033366677,-0.7516069563296617,0.0063058427542976,-0.5035365640270277
R199,P20,array/index access,-0.6755819905411333,-0.6089990981599489,-0.4932244993602045,1.7481887979427817,-0.3520813003788673,0.3391036875201012,-0.5123368547216076,2.8091856600099794,-0.3787964350036103,0.1835126304328292,0.8016149394063962,0.1091083270484569,0.0263593952810777,1.2386429189795811,-0.6578025886938547,-0.7043777228956815,0.4007323630912562,0.1842107007346657
R200,P22,array/index access,0.9563123834460012,1.2074538477692958,0.5462189384237787,-0.1277283456509896,0.2791340885905441,-0.0215058127157116,0.8170431771492046,0.3812656427881941,-0.2159231810866892,-0.9276790199575614,-0.4230810526283185,-0.5527473348453205,-0.1430300359677813,-0.8635865259669491,-0.3074819319500814,0.9970738540396646,-0.0254142773049444,-0.9332190918467064
R201,P22,array/index access,2.120816228268059,2.001433686681106,-0.3042204513666455,2.886357087292731,2.390642507775574,2.5255578514181827,0.8941249973082803,2.503306304588756,2.2996739591862414,0.3368183467987984,-0.3379865359915384,-0.1688391273290847,-0.4099450168493508,0.3208500214187388,-0.5053491927945142,2.2112130377411368,2.984552522338733,-0.2850559145949217
R202,P22,array/index access,1.0207090952178812,0.8267750560968982,0.0165654402799488,1.6002001745515495,1.2226614165860428,1.4382048305207338,-0.3262063878595063,1.4857300116180725,1.4917529004246088,0.7179518448288207,-1.2323741866381943,-0.616892818402952,-0.4309354841695701,-0.4962423831346548,-1.336256113399482,1.0642153850972258,1.6995840551267063,-1.0415177414068573
R203,P22,array/index access,0.2804050950521508,-0.5728091768505472,-0.284830454214441,2.2365902426616384,1.612591790527924,1.762490999651525,-0.6961208810378394,1.5805113600469074,1.4382909657650131,1.828764336040925,-2.3508049716019905,-0.2944222157879119,-0.6275157935059732,-0.6292805627915918,-0.3612260118026703,0.2923569679277226,2.082805965286234,-0.4970814249407066
R204,P22,array/index access,0.5205864422765741,0.1552929397887438,0.248773162347814,1.60340766659862,0.566131303488305,1.2384423161158864,-0.7001062316071182,0.9354441221688766,1.5457879782607338,0.8363159836741668,-1.110264001192115,-0.5978628037794823,-1.0162305468266883,1.052559768445641,-1.5196403938204988,0.5427757073385325,1.4635167182011524,-1.0093888249106546
R205,P22,array/index access,-0.1871968773398561,-0.8979796804335126,-0.9656118178896498,1.794190997185725,-0.2785486775463774,0.5513305992684339,-0.795506600956801,1.2532135171271015,0.1383494781659539,2.810987701696082,-1.790836006808522,-0.0644446828554127,-0.8751984243489941,2.282807936090568,-1.2134857434537982,-0.1951758810033018,0.6515293758822995,-0.1088037962688798
R206,P26,array/index access,0.3906297037731535,0.1811555361006288,0.3962455132805095,-1.0087111515354612,0.2287035126069792,-0.2937748962602294,-0.3549981131730964,-1.8395880271405496,-0.1013170498522064,-0.666779041033036,0.743928968367813,0.2218896775079287,0.4246353686667083,-1.657121974277303,0.5885191051890093,0.4072797455994287,-0.3471655211306774,0.3746226716625517
R207,P26,array/index access,-0.0461575832052738,-0.378365166586441,-1.3076977530314766,0.2524598547359328,-0.2067598921597491,0.3364822617436928,-0.9075425622982434,-0.5046946966007709,0.9637468226548946,-1.034588537390834,0.0052164556024291,-0.7043529022978746,-0.6639588467719705,-0.5086526739321842,-1.0836866251052188,-0.0481249852833653,0.3976345196153247,-1.189179095736312
R208,P26,array/index access,-0.7791143576091814,-1.1702114134698194,-2.361408149139921,-0.3859879502390309,-0.6572400333864384,-0.5272221728067631,-1.4057493749859176,-0.1025412691951134,-0.5384385347948196,-1.5204960896813988,-0.4564940873589579,-1.06310941224064,-1.0158717586180614,-0.5935389727663359,-1.2123380596815627,-0.8123230115244957,-0.6230394860287001,-1.7948779445540473
R209,P28,array/index access,0.4632005308810316,0.4301875934974011,-0.02204960274916,0.312818298934286,0.6641147278469428,-0.0500887032800229,0.9331623955550212,0.2016614689090964,-1.1271991366212977,0.1800764399734803,1.3579888431311944,1.0183963630501496,1.71402250211891,-1.552009227555533,1.517123806045774,0.4829438021648784,-0.0591918199898386,1.7193876282218632
R210,P28,array/index access,2.468444178034785,2.742768852544005,-0.3073678631820835,1.1651992105795317,0.737387163475787,0.301359985122783,-0.0670581660074858,1.0294644537511677,-0.9985064186869697,-0.5830962463028315,1.6029875308564074,0.8734794819663853,2.0348430517734086,-1.6270665125505746,1.6005471613455795,2.5736581400379714,0.3561291234034133,1.47472032431511
R211,P28,array/index access,1.288472705364411,1.249238626071732,-0.7341691734851493,-0.244970126618185,-0.8724892294794441,-0.6820605548207933,0.2100434190723649,-0.3328187415352035,-0.9287223083647512,-0.0031798241846261,1.4635202390867852,0.5903297322572406,1.669104377731628,-0.3314340248139138,0.3106487818695628,1.343392042601473,-0.8060181825314648,0.9966705253882004
R212,P28,array/index access,-0.0381972938227037,-0.2605640847952012,1.1463193152144953,0.9723399525172796,-0.5675524638615751,-0.3895049863535639,-0.7831919417496522,1.0095659446953291,-1.5733024477163962,-1.0248181816954385,0.8734280390206564,-0.0789401913247385,-0.2387414702195515,-0.2361230228052583,-0.0854304312994333,-0.039825399759491,-0.4602935897240535,-0.1332769766839169
R213,P28,array/index access,0.2708849682563707,0.0543024366820794,-0.654856059065504,-0.9558015505090292,-1.650289867678421,-1.1595042155481965,-0.0031649420998173,-0.6475736875406688,-0.8724212284571391,-0.2896746014818597,1.4068278131137624,0.3862315929578582,0.6277283626615937,-0.2093169467906268,0.041541567241672,0.2824310591143179,-1.3702324138936373,0.6520858151645451
R214,P31,array/index access,-0.3496106897286717,-0.9492568815215155,0.2961988284960651,-1.494320366314577,-1.994098222382083,-1.7543805984708476,-1.222597851650855,-1.992789540176117,-1.7747232067158831,-1.0560910551599798,-0.2191722234729662,-0.3653339100695378,-0.7007780274737044,-0.0889017504194894,0.1792615484243327,-0.3645123537615629,-2.073221580478981,-0.6168036610638873
R215,P02,loop condition / boundary,0.2332078510765757,0.4215779134931057,1.0076936125812703,0.2836659881153312,0.0778101671457442,-0.0719224421907605,-0.7013876317457203,-0.2721448574859063,-0.5772434818333572,-0.6774607059159764,-0.2618781070944457,-0.2527530342187939,-0.548070770110193,-1.0105241684979929,0.1810797103540403,0.2431480077956757,-0.0849936207688371,-0.4267301571362046
R216,P04,loop condition / boundary,0.986672998453058,0.8962405079535481,0.0923140916441653,1.4237831650926958,0.6290809821384974,0.7020242694475302,1.7867835254823992,1.0802026920878265,0.0532086611113974,0.2390948783224864,2.012733207124094,1.067476683813777,2.3963384184333174,-1.0045671977852286,0.9506019659947508,1.0287285475688004,0.8296101009707991,1.8022513337219448
R217,P06,loop condition / boundary,1.206781740572371,1.4894715282188145,-0.8315582959372075,-0.5931010137508193,-0.1366861685329433,-0.2620446124728909,0.9480825355421614,-1.2717436268107225,-0.0563466551349103,-0.5447459448823684,0.1986212467623362,0.0348866353730375,0.2130395762598814,-1.5006945186919391,0.4507846042391448,1.2582191153076616,-0.3096685782438426,0.0589001015980019
R218,P06,loop condition / boundary,-0.2890521490028045,-0.1912342980629915,-1.0825549721182703,0.1737518250141752,0.0059439309733147,-0.0437577672212347,-0.2799841078950624,0.2057753672151829,-0.3109690576511941,0.5855959676522671,-0.2100733724752407,0.1373457881534747,-0.5326617022527453,1.2170177947412215,0.036514769283398,-0.3013725903936781,-0.0517103001456539,0.2318848117565772
R219,P07,loop condition / boundary,-0.0931261941505069,0.3763152679162914,0.4898912707530089,1.7735502497200382,0.5174206154100619,0.94214185593969,0.5195602672370787,1.4252218809571324,0.53545470268897,0.2974183625542682,-0.8031995822733475,0.2016099006402961,0.0743972806441365,-1.2607152188305055,1.1106109216399678,-0.0970955672236519,1.1133666373814168,0.3403837459216215
R220,P08,loop condition / boundary,0.1850368617346793,0.6139020416038709,-0.3470910999513401,0.2231840184827028,0.8456574359587111,0.3329499279720071,0.2667301056038473,0.3372516364386826,-0.0699916705253927,-0.2057308005425736,0.4999669014065122,0.1939912212211652,-0.2398940944449444,-0.6674048865468695,0.2877375627995571,0.1929237977703328,0.3934602198018767,0.3275209121449881
R221,P08,loop condition / boundary,-0.2488552056793753,0.1499199445349388,0.5721384103936614,0.795963140280344,0.9665963899221908,0.90403948484791,0.0159380239790043,0.3519932653303106,0.9495589243411948,0.0226776966044109,0.0753523025291438,0.0335599164196609,-0.6148154818389913,1.0779760132791203,0.0026497501254281,-0.2594623088853673,1.0683395445808292,0.0566601641460152
R222,P09,loop condition / boundary,-0.4897537725942307,-0.2729177477684628,0.7132009217639761,-0.5667155086242038,0.704795240739414,0.222804799941891,-0.2399679883929002,0.1274023983434762,0.5303346677104629,-0.1072807681633714,0.3300810443046217,0.1098152150315028,-0.5400297851406999,0.895268401382361,0.1066453689532583,-0.5106288384673714,0.2632973254927992,0.1854041598795391
R223,P09,loop condition / boundary,-0.4969706753818365,-0.2278445781322217,0.6990679841708342,0.2434811221863298,0.3549815799990705,0.6888243494941885,-0.0253907278788029,-0.8191111675135191,1.468010346297165,-0.145781270533508,0.5507093744268511,0.1185441972027509,-0.3631819647272304,-0.0223743495585968,-0.0492955122850902,-0.5181533515880091,0.8140112286783694,0.2001415494625712
R224,P11,loop condition / boundary,1.726790277649003,2.126956829663997,0.2012849898889765,1.6187044256477965,1.2938941532699997,1.0903292852288995,1.3043281309700194,1.6668705971636568,0.3583892767689033,0.1860916488799499,1.6510793484443116,0.8062675555321904,2.4653196833139885,0.3068086577591413,0.5816316692723098,1.8003922850497451,1.2884856375720688,1.361244511780004
R225,P13,loop condition / boundary,1.1954876972181347,1.2592328951132608,-0.3434684971095842,0.416149907428845,0.185356819343594,0.3183578714771795,0.4707163382978929,-0.2721341540016659,0.3535668876590993,-0.1953779008817572,0.8902643416828683,0.2624125981226115,-0.1032881295068205,-0.2152737818923744,0.0923513535667234,1.2464436792369489,0.3762162041903191,0.4430386744020185
R226,P14,loop condition / boundary,0.3066470346153623,0.6385463210339025,-0.3198148762671046,0.6424819950241544,0.4960270089275019,0.1907693845294298,0.7646009480687731,0.9622516009735784,-0.5662008503633669,-0.2329839755877951,0.4518344369495158,0.2520057674887144,-0.1020733494519294,-0.3571232695378796,0.5371668411044226,0.3197174332638328,0.2254397963850255,0.4254685254009642
R227,P14,loop condition / boundary,0.1540484044897246,0.4599008413055885,-0.1370563133638387,-0.4773557254972917,0.3052694398489732,-0.2979719600408964,0.3827927335308466,-0.1576324391320693,-0.7218295944743708,0.1136538904150161,0.9244453305232302,0.6621691669701423,0.4989477671709868,-0.19867951207117,0.9484082799721802,0.16061450111077,-0.352125358928878,1.1179590921441411
R228,P15,loop condition / boundary,1.253649224306857,1.3604720896458198,0.0933702636804488,1.4000569356976769,0.8857069370758126,0.8458246247211249,1.066962483205002,0.3968869925125486,0.2517100013898853,0.2873147523439513,0.6287523447680262,0.4289103746255682,-0.0420122146266382,-0.178936507347237,0.3706640267647272,1.3070842596320464,0.9995447206842278,0.7241416196130819
R229,P15,loop condition / boundary,0.9550784357918638,0.6895805387899785,1.4617295644546988,1.0372017587522733,0.9696914269656904,0.7198018222130305,0.5559025899728893,0.0623662147871059,0.1525122809211278,0.4360003905550754,0.5359961436764087,0.4142586420112204,1.0666530943332408,-0.4085017543256377,0.270779391802177,0.9957873111019264,0.8506185446766085,0.6994046815179055
R230,P15,loop condition / boundary,-0.6735669167696278,-0.6627102482148838,0.1780372728419041,-0.4467070001522168,-0.8921254514098037,-0.745005239772425,-0.7928125744261182,0.0915989993186475,-0.8961832677552549,0.1589019963607286,-0.0493331844004185,-0.043040952495357,-0.7209033619664625,0.3230838732030736,-0.2386916694463811,-0.7022767594382291,-0.8804024292176846,-0.0726672677873221
R231,P16,loop condition / boundary,-0.7538051378529623,-0.4927293132055841,-1.446936183318567,0.257660506943526,0.256610099594899,-0.096193454563747,0.8911136498907293,0.1009085232716432,-0.8028509702296662,0.1405826544775865,1.0960917861703905,0.6404040249915718,0.3997201123449086,-0.4118525457829355,0.6845376343267383,-0.7859350218655758,-0.1136756448835629,1.08121238211823
R232,P17,loop condition / boundary,-0.039759239126745,0.2641904253784964,-0.7590773112338118,-0.8864653461464058,-0.2712846662500198,-0.6383713573913505,-0.3142038944094241,-0.7045110384648402,-0.757364059777626,-0.4306708806144256,1.0948597038748271,0.4240995325868607,0.0914432621107746,-1.3669471832889923,0.6081097745001806,-0.0414539207857353,-0.7543889140457801,0.7160193377758715
R233,P19,loop condition / boundary,-0.753818445380196,-0.5111704048010748,-1.5075735842572713,1.2669976143197217,1.3728258772090085,0.904160742312989,0.6859371547756687,1.017662406467451,0.0726587354102374,0.0738202656165691,0.5505396203910181,0.4067081628047495,-0.272687183551457,0.0116852823021411,0.5957646024066611,-0.785948896607445,1.0684828393673855,0.6866569921056316
R234,P20,loop condition / boundary,0.9150953278867292,1.3428754363983582,-0.3866487342936827,-0.1241706481388273,-0.2207486791489349,-0.159098320202423,1.010046753434778,-0.6413705562077274,-0.132375633319507,-0.1572067983951012,1.445657236664931,0.5157655318483684,1.2956175387741224,-1.265821149788391,0.2588461572752752,0.9540999794459234,-0.1880128354982486,0.8707816589872144
R235,P21,loop condition / boundary,-0.0556293120974684,0.0435043090010099,0.0009634576392763,1.5419776274574963,0.7203184831910912,1.0587251672236933,1.008721472377401,0.863040328790133,0.9138793910224922,-0.2870217286181121,0.4953555983968485,0.1437590991364807,-0.0130289708762964,0.234049004999622,0.2229434276307059,-0.0580004333006006,1.2511377898259703,0.2427125876208719
R236,P22,loop condition / boundary,1.805806129259649,1.9009562624545295,0.0477222752748542,-0.0242062708997761,0.4965102069068987,0.2871579923708083,0.5365634432608493,0.0069179197869554,0.3891700411053025,0.4065388636520259,-0.8415397820375583,-0.2728060821379156,-0.0990731260189288,-0.4763859725379665,-0.3834173280282145,1.8827760762245056,0.3393460616864382,-0.4605862899262037
R237,P22,loop condition / boundary,0.4264457153264371,0.4241324507481535,-0.3381168520083525,0.9013996635868726,0.4187665994117204,0.8084665374186715,0.1995670696677588,0.3795532915349245,1.1052333492574211,-0.5461192625098027,-0.5023102043929866,-0.762113455907846,-0.7705163020623094,0.0160536514996227,-1.2379109008207485,0.4446223642812855,0.9553971777460692,-1.2866978859436762
R238,P25,loop condition / boundary,-0.9315201026050628,-0.7640132493743045,0.4456793779721108,-0.4722580130619997,-0.5564675182856992,-0.8450402267443414,-0.654633041488565,0.1233164694861978,-1.506395148885325,1.7733526533851782,-0.026695681654438,0.7456434250720175,-0.2153627431677768,1.3698656666018831,0.4902733034853123,-0.9712248370903782,-0.998617766285297,1.2588910630964911
R239,P26,loop condition / boundary,-0.0501705351664638,0.226299841039431,0.9758566233045444,1.394971715305264,1.6091348767617957,1.152062890715653,0.9163202602583972,0.7622840344261207,0.4520820800798994,0.0668691168633151,0.772767782162128,0.5502986072101387,0.1161376819980766,-0.6606328279849593,0.8112589226049727,-0.0523089836789541,1.361438703313601,0.9290848351333344
R240,P28,loop condition / boundary,-0.0456632236008154,0.4144223257068937,-0.3586467714053123,1.6405721383550185,0.1759751916906171,0.6501141191456673,1.246955736984377,0.8929148097605901,0.1337950273913662,0.4187661817955079,1.9529936557407244,1.0513969121560305,2.2921365013535966,-0.4867723937104651,0.7824308989318588,-0.0476095542959272,0.7682658043309853,1.775103396576768
R241,P28,loop condition / boundary,1.1581224227991231,1.298231554472144,0.5921035338367121,0.1788608611628536,-0.2374186673340029,-0.3256310646025798,0.9123903340488724,0.5446457882674023,-0.9183353876365904,-0.0715445152590651,2.2255199888626813,1.083404953232141,2.841223207090477,-1.8940115481971789,1.096239386092807,1.2074857625382602,-0.3848112268209354,1.8291434853149595
R242,P28,loop condition / boundary,-0.1219257004901869,-0.1494600747481,-0.8858626996530636,-0.7833227139557366,-1.1414445899743773,-0.9622706632738302,0.9372700561871798,-1.0058935173862815,-0.9620446858913764,-0.1582081181463061,1.792651759467164,0.6304910432051707,1.7707537541406984,-0.7414110035334843,0.2570294882946541,-0.1271226120236693,-1.1371536524628745,1.0644760122128247
R243,P28,loop condition / boundary,-0.4403437786836231,-0.4926174377295035,-0.5716355464657638,-0.1864075160622831,-0.7919325851321557,-0.5515232339358177,0.0863927037114519,0.506692902392826,-0.6762296006130144,0.1830797617065187,1.8082870713340904,0.9247703986091044,1.7260723151407709,0.1115064558975584,0.7829443627867039,-0.4591128130458438,-0.6517570199578876,1.5613162418923483
R244,P30,loop condition / boundary,-0.0686343563988369,-0.2093547673823825,0.1792124143604498,-1.1220464494530145,-0.9241521128193482,-1.1478270908877577,0.1124680969637567,-1.0013064098609756,-1.3972827103909105,-0.8048479456276886,0.1543644346426294,-0.1714867552435429,-0.4259981392500443,-0.4258938663026519,0.1360232452544303,-0.0715597993278358,-1.3564330895822154,-0.2895259803231809
R245,P31,loop condition / boundary,-0.7430647628785598,-0.6087335820666538,1.0870830643975615,0.0411611561597304,-0.7040318199156975,-0.5163105426816256,0.0173981427829379,-0.3386598428942839,-0.8860609642889098,-0.5094821638089972,0.278548605156033,0.0327266893418393,-0.4714826720526685,0.2702161222032538,0.3291136266784824,-0.7747368535108278,-0.6101447771648665,0.0552534031037673
